sample,opt_time_s,n_evals
1,6.372684258,13871
2,0.100864926,12455
3,0.100668646,14445
4,0.100686519,11806
5,0.10082978,15010
6,0.117907579,12832
7,0.100692882,16070
8,0.100622469,14811
9,0.100674598,16604
12,0.100656012,13301
26,0.100573227,15518
27,0.100731534,16761
37,0.10069728,12955
40,0.100719632,15215
44,0.100671512,14607
47,0.100737125,14269
50,0.100583165,14529
51,0.100722277,15117
52,0.100575812,16665
53,0.100670269,11883
54,0.100695477,17336
55,0.100679466,13365
56,0.100735011,16022
57,0.100660781,16276
58,0.100709102,12591
59,0.100686229,15958
60,0.100676,13601
61,0.100820171,11950
62,0.100571213,14813
63,0.100823558,12215
64,0.100586291,13204
65,0.100672654,12358
66,0.100672864,14372
67,0.100630684,13347
68,0.100683454,15057
69,0.100496722,15667
70,0.100674276,12075
72,0.100769355,15079
73,0.100663116,12316
74,0.100816294,13967
75,0.100586231,10705
76,0.100888459,13637
77,0.100699353,15251
78,0.100550583,10122
79,0.100797619,15028
80,0.100657124,12845
81,0.100866689,12582
82,0.100639551,13689
83,0.100847313,13202
84,0.111474584,12989
85,0.100678585,12501
86,0.100749489,16123
87,0.110278152,14687
88,0.100803039,13590
89,0.100682772,15613
90,0.102461782,14134
91,0.100524324,15986
92,0.100696108,14801
93,0.100520988,13971
94,0.100663537,14950
95,0.097168885,17173
96,0.100645011,12492
97,0.100541486,15632
98,0.100621197,14757
99,0.100605487,13465
