S64_complex,S57_complex,S55_complex,S53_complex,S61_complex,V53_complex,V55_complex,V57_complex,V61_complex,V64_complex
(-0.0460652794252173+0.0067800621563237j),(-0.0455943840584637+0.0120376012204513j),(-0.0469755480434031+0.0067872718140835j),(-0.0469117332873323-0.0000708942356323j),(-0.0473384155725050-0.0000485197370703j),(1.0289353743115108+0.0165555028215351j),(1.0292326486560437+0.0175085923237443j),(1.0495005303706857+0.0324765587464192j),(1.0446082004234303+0.0293235238737837j),(1.0260275573435715+0.0172455733098388j)
(-0.0483653500015310+0.0092668050937250j),(-0.0480412733328800+0.0164023797080881j),(-0.0486881995220834+0.0092735028498176j),(-0.0501121350392300-0.0000829391910437j),(-0.0494120336144615-0.0000512825214351j),(1.0285395922783496+0.0183348818119171j),(1.0286435000312222+0.0194532810017911j),(1.0493596008906556+0.0367801185319733j),(1.0450832332486177+0.0324970557118133j),(1.0252628666681392+0.0193269119021457j)
(-0.0467076181477426+0.0074307393580893j),(-0.0465672384596589+0.0132483265945130j),(-0.0472033141368392+0.0074286563749249j),(-0.0468810800391079-0.0001606500740635j),(-0.0479067881545463-0.0001248672101343j),(1.0286305295360463+0.0169369925403313j),(1.0289165522345751+0.0179946786991838j),(1.0494622849083923+0.0336997446213181j),(1.0447001616859419+0.0301129052576351j),(1.0258108978258094+0.0177784852106482j)
(-0.0450198171441493+0.0062339927913328j),(-0.0452786609778549+0.0110659731186554j),(-0.0454208543722720+0.0062165189255933j),(-0.0456150851901556-0.0000969303126641j),(-0.0475040902106739-0.0000567867670560j),(1.0287765070162267+0.0160500227212045j),(1.0290702966266028+0.0169544280599905j),(1.0495292288479878+0.0315280508894676j),(1.0445134380059655+0.0284998663188960j),(1.0260086392726915+0.0167087533216709j)
(-0.0470150474871616+0.0088936383693190j),(-0.0482225707021707+0.0157319545901640j),(-0.0475607723899894+0.0088784649323888j),(-0.0466206294515193-0.0000854489093155j),(-0.0503859409035215-0.0000451236755664j),(1.0279341478101949+0.0177754226610053j),(1.0282576025628400+0.0189646099973186j),(1.0493819401414097+0.0361323417161819j),(1.0450113606042881+0.0318697228211084j),(1.0250233932601240+0.0188715732022586j)
(-0.0479573655027760+0.0100033699231046j),(-0.0499349121428845+0.0176425176928648j),(-0.0477253454950220+0.0100020632654213j),(-0.0471264993645896-0.0000384241745416j),(-0.0508278315316123+0.0000052671948680j),(1.0274508775675626+0.0184471464990163j),(1.0277148738927473+0.0196992587161852j),(1.0493156864732682+0.0380204735331384j),(1.0450215173029584+0.0331850006186725j),(1.0245794858650681+0.0197626259412257j)
(-0.0431296953307859+0.0052003341661086j),(-0.0454729856504882+0.0092011545472300j),(-0.0430867230915973+0.0051951987570757j),(-0.0426429986088392-0.0000383831475846j),(-0.0462295524301970-0.0000199832590621j),(1.0283268236397316+0.0150667332168126j),(1.0287007855239845+0.0158769756959745j),(1.0495815979040375+0.0297171073527957j),(1.0439690654908209+0.0269449192586440j),(1.0259066599058073+0.0156774160286735j)
(-0.0411820289455943+0.0038789163656184j),(-0.0440704292396772+0.0068153696853494j),(-0.0420380046549635+0.0038747707031309j),(-0.0425943563837057+0.0000317216290143j),(-0.0447120361804905+0.0000483731121036j),(1.0287973323834092+0.0142324802031149j),(1.0291301626688369+0.0148504966852453j),(1.0496455968574709+0.0273406881971993j),(1.0436405676165146+0.0252054704774735j),(1.0261004947488441+0.0144911104371356j)
(-0.0434998287924529+0.0068461406020676j),(-0.0471556797243564+0.0120636998825338j),(-0.0447378769151626+0.0068449754157901j),(-0.0455774133720016+0.0000268566409744j),(-0.0473215854953298+0.0000511553768881j),(1.0282370542823358+0.0163272579265230j),(1.0284651713163153+0.0172019076814377j),(1.0494992927495916+0.0325160621794049j),(1.0442159683276566+0.0291203765441470j),(1.0250582442301650+0.0169333715036264j)
(-0.0363826356752502+0.0000640431686815j),(-0.0401915417928155+0.0000457594622108j),(-0.0369919574660372+0.0000617241330466j),(-0.0389810699980127+0.0000278005079605j),(-0.0400484241154066+0.0000546775244267j),(1.0290110043986265+0.0113495518819245j),(1.0293051208269293+0.0115543726381852j),(1.0490932265947446+0.0203773739274020j),(1.0420072937932301+0.0195513479891150j),(1.0265777580508388+0.0110069530288681j)
(-0.0359440208162306+0.0000561365990528j),(-0.0391357184264779+0.0000118362050252j),(-0.0370647408787166+0.0000512388291385j),(-0.0387099493572835+0.0000016799811640j),(-0.0397160396667093+0.0000354867976745j),(1.0287490120618583+0.0112326384297001j),(1.0290623475958407+0.0114588178665366j),(1.0483447495708846+0.0200309473621469j),(1.0415018586198905+0.0192332076825843j),(1.0262562102191117+0.0108605040561058j)
(-0.0387200865779201+0.0006350989480027j),(-0.0401589255452292+0.0009594468913242j),(-0.0392116860709699+0.0006305604522417j),(-0.0401002432398046+0.0001050892081736j),(-0.0420890654702136+0.0001347959577643j),(1.0296032180324055+0.0120013891193352j),(1.0300126556824520+0.0122862907460288j),(1.0497794526503168+0.0215296689905635j),(1.0430845902967405+0.0208108450704489j),(1.0273015087992234+0.0118405668196755j)
(-0.0357417978828190+0.0001087892531713j),(-0.0366878900558683+0.0000637680805663j),(-0.0358510998323825+0.0001230755527920j),(-0.0363049957521317+0.0000664706224861j),(-0.0384056813570043+0.0000990162034866j),(1.0273865689210266+0.0107329191733281j),(1.0277856876648219+0.0109780762088862j),(1.0460415945924531+0.0190780437141991j),(1.0397222993895943+0.0182976660788302j),(1.0254451480369748+0.0105842790101864j)
(-0.0364282967627022+0.0000918768160499j),(-0.0368825716436797+0.0000615919649611j),(-0.0363377141011499+0.0001203707615560j),(-0.0360179976291176+0.0000554575093771j),(-0.0390468488342335+0.0000812959038712j),(1.0275708282402207+0.0107932978422884j),(1.0280426083109069+0.0110807440472497j),(1.0464513355132998+0.0192489088170656j),(1.0401459593133247+0.0184972102401316j),(1.0258071503124166+0.0107161717385244j)
(-0.0369596170026680+0.0000843878430799j),(-0.0363662492198111+0.0000491916405272j),(-0.0367674219139012+0.0001150375712957j),(-0.0357531832284817+0.0000591798855610j),(-0.0388911595234789+0.0000564678059257j),(1.0275273975178725+0.0107719257999936j),(1.0280564977419686+0.0110867725730661j),(1.0462169808136008+0.0191374442032002j),(1.0400405709026546+0.0184351336050094j),(1.0259272696050816+0.0107502574550011j)
(-0.0310315990476730+0.0000694034760628j),(-0.0303276109920593+0.0000398484729102j),(-0.0318101721255685+0.0000981090747784j),(-0.0312822695498986+0.0000582339920592j),(-0.0339984085178766+0.0000494711809114j),(1.0236940956908909+0.0092804918488773j),(1.0240984589662494+0.0095288566851113j),(1.0394004367255296+0.0162360226478682j),(1.0343453701007197+0.0151130470488965j),(1.0219418357606496+0.0091381235142729j)
(-0.0498400312016540-0.0000839460246584j),(-0.0317081132347932-0.0000093179303786j),(-0.0324776189962637+0.0000570761806621j),(-0.0308538571593817+0.0000161071351091j),(-0.0334090461848475+0.0000162730029331j),(1.0251742068523129+0.0097239709478822j),(1.0256927350599929+0.0100530637423915j),(1.0425593453747479+0.0174884977263065j),(1.0371780987366706+0.0167650564789728j),(1.0286507651369312+0.0116525902803693j)
(-0.0617227518056689-0.0000682751249825j),(-0.0324626180365197+0.0000061326348220j),(-0.0331668087070432+0.0000518759841639j),(-0.0333269702237216+0.0000239363883629j),(-0.0340163099310993+0.0000065458075505j),(1.0268883297356108+0.0103640510925882j),(1.0272940268268633+0.0106362198467425j),(1.0451618149971058+0.0185694814188356j),(1.0396816749502282+0.0181900424614814j),(1.0331224438934155+0.0134108464786000j)
(-0.0187027934486739+0.0002793804721264j),(-0.0324760132443584-0.0000221457254506j),(-0.0316418680958184+0.0000172528312741j),(-0.0326115193521220-0.0000066734208670j),(-0.0334492588112169-0.0000364114066224j),(1.0233391331996389+0.0092009135369944j),(1.0235805688437054+0.0093865811374443j),(1.0389436242662762+0.0161319221913883j),(1.0332708914598638+0.0145950714778381j),(1.0179137410366546+0.0076339884314079j)
(-0.0609646129622936+0.0002732613142074j),(-0.0348218407307708-0.0001097407271495j),(-0.0336920378700495-0.0000615461321820j),(-0.0351158464144231-0.0000908098544621j),(-0.0359461363206276-0.0001242902455063j),(1.0279412012537548+0.0107679968809195j),(1.0282537185292913+0.0110382887885741j),(1.0472219244184586+0.0194867444662023j),(1.0413612830708019+0.0189971004481012j),(1.0334830063059093+0.0136617540302760j)
(-0.0381563070454756-0.0002141621726242j),(-0.0303966131829751-0.0000842731603136j),(-0.0292675881036535-0.0000440870526920j),(-0.0303511890804698-0.0000639716866255j),(-0.0313311501914015-0.0001049294097849j),(1.0233008100515943+0.0089884603701457j),(1.0235317079232786+0.0091971160207477j),(1.0392625891163072+0.0160765146131063j),(1.0339654035094461+0.0147306291103710j),(1.0240396362974140+0.0097340097576556j)
(-0.0418716610266414+0.0002532151580203j),(-0.0340520579090724-0.0000949829604734j),(-0.0325510300116057-0.0000622369591580j),(-0.0341028419210868-0.0000850582273430j),(-0.0358455735410471-0.0001223633758021j),(1.0260624449441249+0.0101152225215387j),(1.0263253598630864+0.0103505770637351j),(1.0439478550007266+0.0181502699665337j),(1.0381834518147406+0.0171434383235622j),(1.0266274948422713+0.0109860596928006j)
(-0.0272918606476078+0.0001827557488277j),(-0.0319496336008075-0.0001108828503729j),(-0.0290340895511936-0.0000999593667055j),(-0.0317096089557443-0.0001084033917506j),(-0.0318190549043012-0.0001477941250332j),(1.0230540856112311+0.0089796292619846j),(1.0231337687413249+0.0091243947331752j),(1.0389103156615489+0.0160522856078639j),(1.0332623138818735+0.0143826848319880j),(1.0204890772515798+0.0085227012764140j)
(-0.0195826852014092+0.0000936609870164j),(-0.0360754927754512-0.0000875196312034j),(-0.0332789618858250-0.0000717621716472j),(-0.0359285430792194-0.0000814122992383j),(-0.0358502788763623-0.0001062671160125j),(1.0253889043848174+0.0099415396778626j),(1.0255203899073182+0.0100990504994106j),(1.0425150283673357+0.0175821486794991j),(1.0360918258068510+0.0160881376431061j),(1.0193701723495188+0.0081042643719475j)
(-0.0595033876502017+0.0003862015412306j),(-0.0372515535745943-0.0000191458044130j),(-0.0348551846430196+0.0000005098571320j),(-0.0370658537870522-0.0000141566248771j),(-0.0368727164515745-0.0000361000547886j),(1.0289029000666274+0.0112193039692942j),(1.0291722324447790+0.0114356727586501j),(1.0490026786479802+0.0203269487645048j),(1.0425840509869184+0.0198934744001183j),(1.0335082893455863+0.0137833475489900j)
(-0.0586432629097467+0.0024485910441982j),(-0.0409837202457030+0.0047682915473193j),(-0.0396095586314595+0.0026907587149775j),(-0.0403823865770501-0.0000311659088989j),(-0.0398403519182360-0.0000416394725583j),(1.0290664007793715+0.0133113913182139j),(1.0293844862918295+0.0138371506974410j),(1.0496973486476566+0.0252562010119298j),(1.0436495500560485+0.0238885620190843j),(1.0321145097005375+0.0155467264283548j)
(-0.0287273619507600+0.0038048801977166j),(-0.0460734577121550+0.0063444263201092j),(-0.0436282107047048+0.0035802621838975j),(-0.0442869422401875-0.0000689305181069j),(-0.0441213515882854-0.0000942970658641j),(1.0290060675441164+0.0141910105778125j),(1.0292953358018433+0.0148027860352453j),(1.0496534412306806+0.0270346662121450j),(1.0429826923067262+0.0246011965727300j),(1.0223853537404270+0.0128570465432858j)
(-0.0394504725920477-0.0003078930356208j),(-0.0398913365315377-0.0000108949695767j),(-0.0378358670723222+0.0000206991891486j),(-0.0376934463838376-0.0000069466495861j),(-0.0389543567202564-0.0000497097302049j),(1.0289630334369393+0.0112434449244238j),(1.0294202710119527+0.0115456610032339j),(1.0490488394891249+0.0202620077300782j),(1.0419390508173874+0.0194778606466973j),(1.0275982282000118+0.0111901901267978j)
(-0.0406932417116781-0.0000287961343989j),(-0.0370312427975079-0.0000353444881836j),(-0.0350190698677649-0.0000110799468137j),(-0.0337516300813237-0.0000300529237468j),(-0.0361464402047479-0.0000630669933935j),(1.0267963310735999+0.0103946573415299j),(1.0273033251709645+0.0107308315096754j),(1.0458286260390377+0.0189483023521585j),(1.0392889717172407+0.0180205131658783j),(1.0268307942834305+0.0109756626252608j)
(-0.0323443188961009-0.0002314374264630j),(-0.0355541031705498-0.0000315503459304j),(-0.0324733118119461-0.0000083686861972j),(-0.0329679439483878-0.0000177553931575j),(-0.0345477513045200-0.0000424972934885j),(1.0252119270671329+0.0097886754334982j),(1.0255345341070776+0.0100221409925427j),(1.0430480015020849+0.0177403119561161j),(1.0366616543426883+0.0164725914228991j),(1.0234102959351838+0.0095445529688877j)
(-0.0352341404525522+0.0001105105822601j),(-0.0348524236540276-0.0000583947789661j),(-0.0320328928650029-0.0000429428191523j),(-0.0316516476231299-0.0000563335084099j),(-0.0354968374783335-0.0000729837096111j),(1.0250074344361204+0.0097096490508430j),(1.0254148817126663+0.0100028984335670j),(1.0430038382036539+0.0177712069804963j),(1.0369580302456103+0.0165210464337011j),(1.0242345639510657+0.0100038004624543j)
(-0.0287202391523842+0.0003536581304734j),(-0.0328988774445307-0.0000012691956745j),(-0.0307087119957228-0.0000005374027049j),(-0.0289548910850703-0.0000231153862005j),(-0.0334737473094720-0.0000316880171254j),(1.0230530245874692+0.0090225540609386j),(1.0235347097346370+0.0093392671920653j),(1.0398279513468800+0.0165348230045747j),(1.0341311922225047+0.0150536820317707j),(1.0211325738713593+0.0089127576177867j)
(-0.0288384348912421+0.0000355657072383j),(-0.0248308161205245+0.0001576703805266j),(-0.0315670669248936+0.0000214273698285j),(-0.0301226597522549+0.0000171329298647j),(-0.0340841659270488-0.0000069739195159j),(1.0224754730401016+0.0088035831363458j),(1.0229488651360648+0.0090987770920936j),(1.0358853015157998+0.0147600787635609j),(1.0322978017293125+0.0136425943762214j),(1.0204196489078199+0.0085175209595909j)
(-0.0281295948308379-0.0000192955627667j),(-0.0248486545531768-0.0000949765134578j),(-0.0305943433659561-0.0000250072660421j),(-0.0296728666700138-0.0000296654279068j),(-0.0327545461708616-0.0000442569343206j),(1.0220570818505941+0.0085638665872209j),(1.0224605181770623+0.0088416536760021j),(1.0353470229814989+0.0143619029751789j),(1.0316025528694377+0.0131366686793212j),(1.0200179267178444+0.0082623961425043j)
(-0.0221221517811985+0.0000178163871613j),(-0.0306572039374474+0.0001297605313991j),(-0.0252023363038521+0.0000300704095321j),(-0.0245381919841193+0.0000306581599821j),(-0.0269991856052804+0.0000043774862192j),(1.0194124002619276+0.0076236749054358j),(1.0197027621835837+0.0078171940240827j),(1.0344933757642363+0.0143509829065585j),(1.0287171394743093+0.0121438584055610j),(1.0172243991167094+0.0072307348451215j)
(-0.0222380623577928+0.0000495988204623j),(-0.0222250509485059-0.0002519571567366j),(-0.0257250107894473+0.0000698717055360j),(-0.0243965395694586+0.0000714976855084j),(-0.0261090751666327+0.0000297820300908j),(1.0182550947875491+0.0071081854549106j),(1.0185948119569261+0.0073122052202159j),(1.0298252761521125+0.0119724567898819j),(1.0261252878664879+0.0101395919720000j),(1.0161956742685265+0.0067534199302568j)
(-0.0297142183866733+0.0025721390822510j),(-0.0546863729021603+0.0044842343478925j),(-0.0341176377818770+0.0025984857937320j),(-0.0321250483140124+0.0000764042044453j),(-0.0333165155048278+0.0000230781703974j),(1.0251920099190954+0.0118490170264032j),(1.0256024774226808+0.0123484727577706j),(1.0496936773180192+0.0254056231971163j),(1.0396012814975493+0.0221375066911255j),(1.0222087435465623+0.0116803730178775j)
(-0.0266526821478426+0.0001128474632907j),(-0.0484870902783554+0.0003006823259231j),(-0.0312854547234951+0.0001254267954815j),(-0.0297129570876658+0.0001515163680673j),(-0.0305926506625788+0.0001028792230119j),(1.0248671505788207+0.0098516917290255j),(1.0253128079764235+0.0100754819486661j),(1.0473768326299009+0.0201160774265644j),(1.0374628049820147+0.0179995573190981j),(1.0220731672003194+0.0093048302864666j)
(-0.0267147527654702+0.0001332587165164j),(-0.0503373010417013+0.0003476418830239j),(-0.0311310776725174+0.0001393135201886j),(-0.0291064982005570+0.0001662443909754j),(-0.0295733422551121+0.0000956733077578j),(1.0247901707194540+0.0098429810221665j),(1.0252603057303944+0.0100736047179851j),(1.0479660889621105+0.0204481983718064j),(1.0375287895121215+0.0181930991957540j),(1.0221354557121356+0.0093478993531493j)
(-0.0288190336162661+0.0017227983847305j),(-0.0542429806211789+0.0027958181514710j),(-0.0324265367749080+0.0017281136642732j),(-0.0304629461676473+0.0001839950793777j),(-0.0322964568014367+0.0001354903794293j),(1.0250573925599569+0.0110961955649093j),(1.0255016515750324+0.0114695893840212j),(1.0497322334607726+0.0237407454437674j),(1.0392174267641934+0.0208701231334889j),(1.0223815812400623+0.0109131538520455j)
(-0.0280624847887447+0.0001513723511877j),(-0.0446195829436151-0.0000939392578658j),(-0.0318721635471158+0.0001629899854568j),(-0.0296401348172233+0.0001762268782186j),(-0.0301360672805551+0.0001358418790247j),(1.0245243668765343+0.0096405655605264j),(1.0250244510969098+0.0098849155992996j),(1.0455333170113239+0.0189881377466808j),(1.0364921871735764+0.0172609544521658j),(1.0221278342804905+0.0092625859959738j)
(-0.0352320651260248+0.0001350164260150j),(-0.0363347188411733+0.0001858018974076j),(-0.0378728341195394+0.0001553416888327j),(-0.0370592152425791+0.0001730425331909j),(-0.0367640883409883+0.0001101179489491j),(1.0275335062560282+0.0108684633671382j),(1.0280320491536488+0.0111164102629546j),(1.0456199078099804+0.0189823837653667j),(1.0392654730917708+0.0183646398176422j),(1.0251535657316202+0.0105140709084986j)
(-0.0353404860317300+0.0001262814858379j),(-0.0388751201281222+0.0000331387218982j),(-0.0365363723535466+0.0001500935150209j),(-0.0354521223823666+0.0001562109105642j),(-0.0355872830353328+0.0001058690111255j),(1.0271591990035271+0.0106758081657778j),(1.0276590772592131+0.0109319085659524j),(1.0463428329582880+0.0192370744371273j),(1.0392324330885228+0.0183903590834235j),(1.0252252887270599+0.0105009215317274j)
(-0.0351508891769069+0.0006577696286365j),(-0.0470500700940280+0.0007980924296770j),(-0.0355453618958576+0.0006887999043935j),(-0.0345621872580813+0.0001872713032926j),(-0.0349601722204093+0.0001377268986898j),(1.0273677013583635+0.0111381130553122j),(1.0278301003118686+0.0114150411479272j),(1.0497774982976125+0.0216251185281000j),(1.0407633949295185+0.0201051204643086j),(1.0255100193408102+0.0111037420290416j)
(-0.0288501041960399+0.0001598967725780j),(-0.0362127584794909+0.0001559463923925j),(-0.0287475021376897+0.0001954766829072j),(-0.0286743311194615+0.0001952958826513j),(-0.0289399599378240+0.0001427622663070j),(1.0224176223266215+0.0088801223216025j),(1.0227238374992809+0.0090207363245857j),(1.0400068388815167+0.0167262436843836j),(1.0329945783728955+0.0150513882561646j),(1.0208674954746730+0.0088044363508554j)
(-0.0318928137000853+0.0001475796416316j),(-0.0482776341369653+0.0003671092736737j),(-0.0320574397810452+0.0001828765694754j),(-0.0311821228587002+0.0001844356469441j),(-0.0321943238558807+0.0001272980154462j),(1.0258697378616668+0.0102634018985833j),(1.0262945162119255+0.0104684197013795j),(1.0486905906684543+0.0206898146745792j),(1.0389833410108897+0.0188067436257361j),(1.0241529505791753+0.0101672506261541j)
(-0.0365824144411283+0.0011484776672382j),(-0.0464212474984482+0.0013406162272956j),(-0.0362684625557596+0.0011848209418291j),(-0.0357941533151311+0.0003079050297457j),(-0.0360667875564845+0.0002425241186085j),(1.0275810450091789+0.0115484297374264j),(1.0280197979892203+0.0118064209480752j),(1.0497664421192234+0.0221630494661928j),(1.0411266877967151+0.0207650070132258j),(1.0257721863526208+0.0116365931222814j)
(-0.0337557657316706+0.0003133379161363j),(-0.0332757445878220+0.0002609357809299j),(-0.0356596594352034+0.0003566258354039j),(-0.0347031281146726+0.0003330523106371j),(-0.0347539586246082+0.0002763032291620j),(1.0256722185707390+0.0102482047613484j),(1.0261672807482436+0.0104359935643351j),(1.0424304418024330+0.0176822009693755j),(1.0366815885755363+0.0170817230162983j),(1.0235947706844903+0.0100428276203765j)
(-0.0349846832281116+0.0002782013701827j),(-0.0390316122274718+0.0003065576542928j),(-0.0281549425941853+0.0002596580887847j),(-0.0358357194181659+0.0003221670429788j),(-0.0362996772834795+0.0002535060800277j),(1.0258055747398569+0.0102878266206161j),(1.0256048160785673+0.0101179434085926j),(1.0453826137652682+0.0190309317741728j),(1.0382112465770752+0.0176099919594882j),(1.0245342942696434+0.0104090801005518j)
(-0.0367484166057897+0.0023584410339236j),(-0.0408289531770127+0.0039657313380496j),(-0.0627926028913251+0.0022088000342475j),(-0.0379879973012687+0.0003602261775092j),(-0.0389416880664036+0.0002914546310530j),(1.0310354559562609+0.0138860259769566j),(1.0335194967457300+0.0152617668456023j),(1.0497178904274955+0.0243753350260795j),(1.0430288199170132+0.0241579143112795j),(1.0260655565889312+0.0129913714198309j)
(-0.0394324438741155+0.0032519275040854j),(-0.0430944234421028+0.0055548111639117j),(-0.0476385877232513+0.0027982090272644j),(-0.0414180243713422+0.0003454363186303j),(-0.0420859769504870+0.0002785611166049j),(1.0295260164877253+0.0139335715464387j),(1.0304814809696254+0.0146024116579883j),(1.0496816597763867+0.0259041633551329j),(1.0432770531856583+0.0246264423436185j),(1.0260750276459421+0.0138315111180740j)
(-0.0412514042914243+0.0052454881352701j),(-0.0448701660459020+0.0090872571528701j),(-0.0537588759233745+0.0046994804048749j),(-0.0428464881126355+0.0003247014865713j),(-0.0425869303765006+0.0002513990253842j),(1.0295564610627994+0.0154720678632099j),(1.0308334302022648+0.0165113084621818j),(1.0495910666417836+0.0293768959911105j),(1.0435805701535505+0.0274652806732094j),(1.0255423087135451+0.0155127005154402j)
(-0.0510858347513184+0.0118361407674650j),(-0.0539174037596067+0.0206281649200807j),(-0.0386408471336191+0.0118436655296832j),(-0.0506807242218941+0.0003094163169347j),(-0.0511828742993174+0.0002291258957360j),(1.0259715039377795+0.0193256103823433j),(1.0251735681043295+0.0200610787697678j),(1.0492062397679083+0.0409467311760444j),(1.0447155118516587+0.0347607335876370j),(1.0240777153999447+0.0213341412617783j)
(-0.0494852448737624+0.0106399966948747j),(-0.0510679066096653+0.0184387955371427j),(-0.0481937958698390+0.0100655688353517j),(-0.0478286250859003+0.0004174916447351j),(-0.0489035520633946+0.0003410714996012j),(1.0273087805916032+0.0187476102625871j),(1.0276029632110990+0.0197994142248442j),(1.0492948551842449+0.0385938040317106j),(1.0446448598138418+0.0338643264150827j),(1.0246442917949781+0.0203240400168477j)
(-0.0513115585629433+0.0110470877282261j),(-0.0538024958891194+0.0192498437217542j),(-0.0334376112251956+0.0111440936774487j),(-0.0508330602534283+0.0002910624334743j),(-0.0504817424570373+0.0002323905285390j),(1.0257229764326146+0.0186416145470248j),(1.0244945100051106+0.0190952161550533j),(1.0492565619132579+0.0396273765098033j),(1.0443979459085182+0.0334846648056010j),(1.0244765817641650+0.0207506139126036j)
(-0.0553782400693674+0.0180478135767501j),(-0.0575521032915122+0.0312899387679177j),(-0.0618522939329070+0.0177012378775505j),(-0.0557847808568758+0.0003318299216383j),(-0.0535116905692426+0.0002800187945099j),(1.0267688678651861+0.0243072139362444j),(1.0272910882866302+0.0263078379215510j),(1.0487527339515375+0.0513197222503695j),(1.0458064050549907+0.0430522459599821j),(1.0221942269356661+0.0264326327022258j)
(-0.0508630943167251+0.0126765336661507j),(-0.0529735658675398+0.0220853526986247j),(-0.0507845500593893+0.0121901593813851j),(-0.0523870858406636+0.0002930005184387j),(-0.0496714105887921+0.0002309100226412j),(1.0274304230587492+0.0204218752688738j),(1.0274699331282136+0.0216258001193741j),(1.0491555723371864+0.0422341534277472j),(1.0449808889428120+0.0364546607354082j),(1.0238839795982906+0.0219795052420556j)
(-0.0532382152969567+0.0154872735956587j),(-0.0551779341816129+0.0268802739579357j),(-0.0568428015999874+0.0153141132074192j),(-0.0549270161908302+0.0003569057547421j),(-0.0517098807928106+0.0002855001606018j),(1.0272302053149847+0.0225806998270090j),(1.0274795152803402+0.0241836830848890j),(1.0489537082113969+0.0470081846651851j),(1.0454631856795726+0.0400529120563007j),(1.0229972006622867+0.0243449997006618j)
(-0.0547031525817534+0.0151125669195123j),(-0.0573982172044147+0.0262397631214511j),(-0.0353806337462169+0.0148155167625897j),(-0.0562514031417861+0.0003337135107738j),(-0.0543693463250497+0.0002719670737122j),(1.0250984202494298+0.0214400028901617j),(1.0234997441291749+0.0220651372636875j),(1.0489801502438101+0.0464107897556594j),(1.0453321469174235+0.0382693807263941j),(1.0231814290687897+0.0240663624050542j)
(-0.0548702711004475+0.0150619393891482j),(-0.0568514347397482+0.0261453239048149j),(-0.0387641629734535+0.0148745751218324j),(-0.0556262777789779+0.0003228299626805j),(-0.0539866581719446+0.0002540873435247j),(1.0254177505431277+0.0215443913744418j),(1.0241442785568038+0.0223463047376106j),(1.0489832071265599+0.0463411943972125j),(1.0454039930882195+0.0384805306574435j),(1.0233342272586949+0.0240832701312455j)
(-0.0507327402752866+0.0108446897927438j),(-0.0538665486715290+0.0189239186151743j),(-0.0324272449843689+0.0103042690041862j),(-0.0508140507399770+0.0002392889378184j),(-0.0498384025461574+0.0001768007604672j),(1.0257665618424376+0.0183469109004633j),(1.0244718015007217+0.0187049960948349j),(1.0492729352977725+0.0391896371639644j),(1.0442684024910174+0.0330165834247126j),(1.0244731216963840+0.0204641618958958j)
(-0.0555572953324845+0.0177982778770537j),(-0.0571308640774340+0.0309096970872868j),(-0.0621125019058597+0.0178544105677042j),(-0.0547595083038644+0.0002462071102315j),(-0.0540720371005857+0.0001800972331811j),(1.0267131016792790+0.0241878518379006j),(1.0273286604053382+0.0262943453550590j),(1.0487651374694289+0.0510641127053761j),(1.0459035227786324+0.0428458065146016j),(1.0223747867656199+0.0263107615824946j)
(-0.0568304252825180+0.0145027257724107j),(-0.0573674999847341+0.0252161653791342j),(-0.0294417688811497+0.0142192558451125j),(-0.0548921862275746+0.0002693972602692j),(-0.0545039932372347+0.0002081375316002j),(1.0244778306189484+0.0207155019183171j),(1.0225143543338542+0.0211261794843136j),(1.0490223054264975+0.0454424007083652j),(1.0451739080364539+0.0371336243652777j),(1.0240481695555779+0.0238204146676627j)
(-0.0557377156771922+0.0132424428435287j),(-0.0565849061620429+0.0231365934568383j),(-0.0288537396974251+0.0133564558579163j),(-0.0536250383523972+0.0001538352945317j),(-0.0528845131458980+0.0000778059151936j),(1.0246684205790282+0.0199313228999907j),(1.0227524867268298+0.0203340288439203j),(1.0491028941558369+0.0435303751074079j),(1.0448120058723347+0.0356864173899397j),(1.0243800800670206+0.0227957481596544j)
(-0.0541207827827624+0.0158499771280044j),(-0.0555548613992376+0.0275802771450088j),(-0.0523065398444855+0.0158574256077697j),(-0.0611090090295605-0.0001595474807516j),(-0.0513670563110481+0.0001873791894814j),(1.0276658729936186+0.0230128145997640j),(1.0269186979297968+0.0244147208034822j),(1.0489167333915279+0.0478304247496783j),(1.0456277908407334+0.0403250400333848j),(1.0229983474459199+0.0246899348354126j)
(-0.0574792682528119+0.0153258368508075j),(-0.0585115681199171+0.0266242013699976j),(-0.0556029971046376+0.0153299534787055j),(-0.0330505011988125+0.0002397448692749j),(-0.0545559051334239+0.0002397663075343j),(1.0230683963660725+0.0206640638903324j),(1.0250388236376380+0.0231975577424058j),(1.0489568506698281+0.0469368410291275j),(1.0451015505077363+0.0392990866729180j),(1.0239416202528286+0.0245418591150661j)
(-0.0570727925632740+0.0158689882970112j),(-0.0578454986340336+0.0276220607329417j),(-0.0551655187461587+0.0158836498354109j),(-0.0391560362024607+0.0002117783956782j),(-0.0553989068776628+0.0002130496817555j),(1.0239492449326650+0.0214839782488158j),(1.0253644087896583+0.0238071043728656j),(1.0489145064311558+0.0478793705318837j),(1.0454989547053293+0.0400781797519886j),(1.0236198462492621+0.0249535709979166j)
(-0.0540993256938424+0.0130217119691530j),(-0.0541483051319569+0.0227497189928455j),(-0.0513383522631397+0.0130429242510010j),(-0.0463931030701947+0.0001394354965199j),(-0.0506380958417337+0.0001986384341727j),(1.0261769768504767+0.0202411058296603j),(1.0267142161597729+0.0218600475881483j),(1.0491225483038278+0.0430508054459281j),(1.0449934752817887+0.0368831804677659j),(1.0244864133292064+0.0225975565933755j)
(-0.0540439643627001+0.0130020281916049j),(-0.0532229384346175+0.0226941796510968j),(-0.0507025182063011+0.0130240932533323j),(-0.0514703913066815+0.0001985945698498j),(-0.0500461322685945+0.0001895220916349j),(1.0270812446917270+0.0206333836000885j),(1.0271501368892659+0.0219853517620096j),(1.0491260044656507+0.0429662435324921j),(1.0451222270260281+0.0369665699490645j),(1.0245686591379408+0.0226169079821885j)
(-0.0452772243411178+0.0057171282485655j),(-0.0453355477719691+0.0099190776277389j),(-0.0428205181862714+0.0057129038052517j),(-0.0547277348280916-0.0000332781441593j),(-0.0413568550144115+0.0002044390020574j),(1.0301913577315305+0.0162185877901299j),(1.0294677386617934+0.0165215575544309j),(1.0495626185231661+0.0303835021172413j),(1.0436369678951487+0.0278023480410032j),(1.0262879326213179+0.0163142860375596j)
(-0.0422575028646577+0.0002397994698522j),(-0.0443049568534403+0.0002434825440769j),(-0.0399534610142306+0.0002430064571092j),(-0.0197299021931600+0.0000332871177472j),(-0.0397526826679580+0.0001732546208207j),(1.0257240520323772+0.0099898180675405j),(1.0278485871668577+0.0111375196400545j),(1.0494715585975201+0.0208514722383377j),(1.0415633939574818+0.0197955440612511j),(1.0279679941306439+0.0116705456125683j)
(-0.0441179024490069+0.0027407126898394j),(-0.0455974983721774+0.0047487071962372j),(-0.0423020420243416+0.0027546749675202j),(-0.0290354779723091+0.0000600849580286j),(-0.0423606752656812+0.0001242304365286j),(1.0267267947068308+0.0124180509890901j),(1.0282210357579413+0.0134946819678070j),(1.0496942810993271+0.0253810114147298j),(1.0427187011889163+0.0235233578677262j),(1.0273387240833964+0.0138540785537859j)
(-0.0452012267594103+0.0043150810582574j),(-0.0455211114466349+0.0075448787357469j),(-0.0432518677980531+0.0043294904411707j),(-0.0405281215440309-0.0002409961272659j),(-0.0424055495367394+0.0001296631856749j),(1.0283016553111570+0.0142592507024527j),(1.0288195797799080+0.0151478418010442j),(1.0496248274095989+0.0281318767774353j),(1.0433051004378189+0.0258019907561001j),(1.0269314667201250+0.0152017982625657j)
(-0.0413079978425767+0.0016916131868529j),(-0.0424881013146838+0.0029617391480824j),(-0.0408445061945814+0.0017236089863902j),(-0.0403941679053215+0.0000454099691629j),(-0.0402708933888645+0.0000824027635836j),(1.0291951883892672+0.0126924523589751j),(1.0296410566941268+0.0131387560920112j),(1.0497365342360234+0.0235503141028015j),(1.0428204844730984+0.0223279590870071j),(1.0273236860524924+0.0128709316540361j)
(-0.0492771894241388+0.0092518674153937j),(-0.0494353377510886+0.0163093118172415j),(-0.0475279914974862+0.0092926749279611j),(-0.0468165530932427+0.0001820816816478j),(-0.0483242892478596+0.0000675408783953j),(1.0276605068418940+0.0180046163938209j),(1.0279670874857436+0.0190997061575003j),(1.0493632163741629+0.0366748416336547j),(1.0446229642807681+0.0323412363992073j),(1.0253574153514509+0.0193658779437651j)
(-0.0456369767244098+0.0059176278435147j),(-0.0449854351036277+0.0104643987018869j),(-0.0441165429503324+0.0059575146852074j),(-0.0496578012437531-0.0000585819933268j),(-0.0449855711328261+0.0000636673721933j),(1.0294492578756389+0.0161001132388054j),(1.0292861434422780+0.0167264735294098j),(1.0495472951675489+0.0309140351611498j),(1.0441976295979556+0.0281408475899308j),(1.0263407825428419+0.0165528931281897j)
(-0.0444606126024401+0.0027889200619001j),(-0.0444538501633901+0.0048994282622851j),(-0.0436826727737684+0.0028389921058387j),(-0.0286723661645884+0.0001217745314680j),(-0.0442272233853254+0.0001275591831223j),(1.0269286857220468+0.0125620966473483j),(1.0286011407848978+0.0137084727408260j),(1.0496920824458347+0.0254733474230823j),(1.0431768328638322+0.0237708083912955j),(1.0275348165456211+0.0140045884146008j)
(-0.0480930750315220+0.0048165109532443j),(-0.0471222843784757+0.0085034871016481j),(-0.0475189555824177+0.0048823641399297j),(-0.0215381479589144+0.0002455903394825j),(-0.0477567728861083+0.0001092764307759j),(1.0251392689008538+0.0134040608915125j),(1.0277080113518737+0.0151578322525159j),(1.0496004018719396+0.0290376261421088j),(1.0436398436171932+0.0264711448577064j),(1.0273783790379032+0.0158885003308300j)
(-0.0505058792902049+0.0112360744557120j),(-0.0490126491760064+0.0197257637873950j),(-0.0509576308817895+0.0112961314693126j),(-0.0542859792926079-0.0000245074589432j),(-0.0512433606093173+0.0001133855034175j),(1.0287067340833265+0.0199168441621557j),(1.0286122345381277+0.0211140668961778j),(1.0492423442267320+0.0400057196549588j),(1.0456117666422657+0.0351125412932097j),(1.0248384100093930+0.0210565809649864j)
(-0.0530693548748983+0.0103334254801822j),(-0.0510971584040037+0.0181186821287945j),(-0.0520814769291888+0.0103671699116545j),(-0.0333292311255295+0.0002051502662391j),(-0.0523609061069366+0.0001424440184096j),(1.0253269173909392+0.0177695682340931j),(1.0271443986723137+0.0197298159867483j),(1.0492990989065616+0.0384773559416531j),(1.0449877398120013+0.0336665366147022j),(1.0258114599920767+0.0205509775172606j)
(-0.0533976809079124+0.0123792902654115j),(-0.0512270741556928+0.0216689919157335j),(-0.0526677670998268+0.0124155651706511j),(-0.0523857365762811+0.0001774793061035j),(-0.0505257352085040-0.0002793672362976j),(1.0278955944479744+0.0205624590796313j),(1.0280782584484673+0.0219273769053062j),(1.0491623875304696+0.0420622802784652j),(1.0454872409394058+0.0363316600249970j),(1.0249480559854278+0.0221221635324615j)
(-0.0516200160425280+0.0087377835932740j),(-0.0490441547911964+0.0153412119984935j),(-0.0510483034878556+0.0087642025747786j),(-0.0500296980106316+0.0001631851315909j),(-0.0425186592526237+0.0003185994795695j),(1.0287967221741634+0.0180155919744265j),(1.0290793862844305+0.0190502079749482j),(1.0493976410931933+0.0356686319337416j),(1.0439219782851303+0.0320400186312914j),(1.0263479976069143+0.0192612213527719j)
(-0.0516215525489496+0.0113957968024769j),(-0.0482709251713997+0.0199260487111845j),(-0.0502899751548881+0.0114431369729086j),(-0.0499215980016426+0.0002512893813062j),(-0.0551114661058889+0.0000723846823591j),(1.0279291267738744+0.0197485974316981j),(1.0282304455745870+0.0210312002597248j),(1.0492364050788916+0.0401617802728515j),(1.0461888879564494+0.0352657750229581j),(1.0251541728372089+0.0213327933413009j)
(-0.0558338452271958+0.0149233972680499j),(-0.0516763611830590+0.0260010146186170j),(-0.0544905364366310+0.0149455141762592j),(-0.0537970815455166+0.0002852652855265j),(-0.0569667085208013-0.0000800352629810j),(1.0274304846598172+0.0222967322645366j),(1.0276552654395941+0.0238903977654308j),(1.0489893316540604+0.0462013981914601j),(1.0467236215503937+0.0395578030081626j),(1.0243735942592156+0.0243520254841712j)
(-0.0514745790218321+0.0088833158646668j),(-0.0480410950231256+0.0155587121732418j),(-0.0514570264967253+0.0088978023630183j),(-0.0506960992916173+0.0002575231709829j),(-0.0445716405491465+0.0000340908985545j),(1.0290250156051777+0.0182767470563451j),(1.0293226847392392+0.0192928194500776j),(1.0493886402446160+0.0359334888529660j),(1.0444281915843912+0.0322161971992634j),(1.0263695739997796+0.0193739162628929j)
(-0.0501379272716715+0.0114085487907755j),(-0.0472489015739854+0.0200029399115729j),(-0.0496607178636280+0.0114198238051778j),(-0.0501318252841877+0.0002032806303783j),(-0.0580902621894083-0.0001770487250021j),(1.0280302033466995+0.0198261385525382j),(1.0282914570124324+0.0211124704992469j),(1.0492322929711706+0.0402698189338097j),(1.0467599852222076+0.0352210518076287j),(1.0248409443832169+0.0212034381302801j)
(-0.0514817055399379+0.0119424449902906j),(-0.0483408914248801+0.0209045464681212j),(-0.0510706746414334+0.0119440170219177j),(-0.0511571057647070+0.0002209666639300j),(-0.0563714967863679-0.0002150975346545j),(1.0280368443463117+0.0202510214851244j),(1.0282911522860030+0.0215808472430329j),(1.0491966564557487+0.0411936439457148j),(1.0465247135651319+0.0358925573115252j),(1.0248805937109842+0.0217087540992494j)
(-0.0576881418067283+0.0144330974298100j),(-0.0536922492690063+0.0252521395594277j),(-0.0575168664950780+0.0144323734227627j),(-0.0569045870348164+0.0001686500448155j),(-0.0475890939094921-0.0000994415636529j),(1.0281811707433766+0.0222445501547074j),(1.0282809315276713+0.0237787793438005j),(1.0490180045848738+0.0455421256436663j),(1.0452273745178737+0.0390397298657889j),(1.0249778111675834+0.0240976508300870j)
(-0.0566821347474608+0.0117791649107221j),(-0.0518987162044867+0.0206967835900093j),(-0.0561285433622725+0.0117819530053099j),(-0.0560683764458281+0.0001556193590778j),(-0.0419605825330377-0.0000903271957705j),(1.0289961086379034+0.0205387855163657j),(1.0290786093153148+0.0217963991961639j),(1.0492015528237666+0.0410678193220498j),(1.0442809942629214+0.0359036300986792j),(1.0261440427331396+0.0220244206207762j)
(-0.0613791787915149+0.0133083233201061j),(-0.0554433907152329+0.0234621703850556j),(-0.0599901267116664+0.0133228299910458j),(-0.0599658612191310+0.0000208830236450j),(-0.0356619140573889+0.0001075671451156j),(1.0291146086999905+0.0217518079563213j),(1.0290370840197409+0.0231501277809883j),(1.0490920370532624+0.0437937687016423j),(1.0433341196847332+0.0378636885966436j),(1.0264193501899994+0.0236040022522124j)
(-0.0589400063069814+0.0141933848813426j),(-0.0518088297697281+0.0250025102029656j),(-0.0562179831177346+0.0141802490421205j),(-0.0567793128051164-0.0000379083066864j),(-0.0504788059338497+0.0000569394907804j),(1.0283778141614410+0.0220706067228423j),(1.0284004280777901+0.0236354303788528j),(1.0490336903621653+0.0451791228087751j),(1.0458882065846178+0.0389799464357478j),(1.0256250680081134+0.0241721268080910j)
(-0.0564975915581975+0.0067035292649383j),(-0.0495429410066078+0.0119594421652919j),(-0.0535414211225053+0.0066707450735950j),(-0.0536426297714094-0.0000747653337856j),(-0.0286433708259154-0.0003387876296089j),(1.0302981719114290+0.0171415727784896j),(1.0303564776647327+0.0179732286725538j),(1.0494960378991540+0.0326211869587363j),(1.0420444817842933+0.0295099952260398j),(1.0287916455232005+0.0181467095772868j)
(-0.0582632896205759+0.0130535207108738j),(-0.0507838560745544+0.0230527845940742j),(-0.0556792647217767+0.0130203370241407j),(-0.0559101373215738-0.0001021840469834j),(-0.0488117746229046+0.0002879483694354j),(1.0286922400070293+0.0212612903544425j),(1.0287571584223105+0.0227541283720668j),(1.0491172257237529+0.0431844165042086j),(1.0455660999007808+0.0377134614067984j),(1.0260657541326164+0.0232865539241268j)
(-0.0563316307736161+0.0103172040445224j),(-0.0485129529476801+0.0183252411794299j),(-0.0540469443114265+0.0102790532759974j),(-0.0536865595532061-0.0001245017505072j),(-0.0449704323309947+0.0000921274451369j),(1.0293333231204789+0.0194337448838708j),(1.0294983184406701+0.0207075830365678j),(1.0492947928576501+0.0385981570002066j),(1.0449001594377236+0.0343261768539397j),(1.0270678564049551+0.0210393203993805j)
(-0.0516317935887061+0.0115217370731291j),(-0.0442263283652170+0.0204367551493257j),(-0.0495060866036313+0.0114805526845412j),(-0.0492893102360741-0.0001263530404430j),(-0.0643071168257324+0.0001236857057699j),(1.0282778019354228+0.0198727498995853j),(1.0286312127542496+0.0213637934134700j),(1.0492244478233033+0.0404788589605596j),(1.0480823016467344+0.0357294718187228j),(1.0255075205331847+0.0216510040889328j)
(-0.0474024770517980+0.0002512482262149j),(-0.0405429851193487+0.0005981706618833j),(-0.0444700776384252+0.0001880145699717j),(-0.0438610136142039-0.0001654243410437j),(-0.0321947063944532-0.0003367384514400j),(1.0309146875577846+0.0122903083782983j),(1.0313079795231010+0.0126617228774255j),(1.0497837405544144+0.0213185741410058j),(1.0422155997815741+0.0207760919692639j),(1.0300707046370448+0.0124850412263699j)
(-0.0482189063727509+0.0049983078434422j),(-0.0427938682174677+0.0090360445762855j),(-0.0462164779666854+0.0049221852932140j),(-0.0443006821538103-0.0001673305526858j),(-0.0462156582101120-0.0002450140934240j),(1.0293831592536919+0.0153327906783580j),(1.0298822240049204+0.0162454593675493j),(1.0495872667104635+0.0295160073338077j),(1.0446423565986505+0.0271200918095287j),(1.0278166676826981+0.0162142257448574j)
(-0.0483345593752037+0.0061118483639087j),(-0.0436756968171404+0.0110485617768995j),(-0.0485938795911481+0.0060429768035456j),(-0.0458101295521592-0.0002317034779855j),(-0.0473429150563304-0.0003147462356933j),(1.0294159584196299+0.0162234213300582j),(1.0299476958508373+0.0173002834869605j),(1.0495296298712842+0.0315158424914095j),(1.0449398142633617+0.0286628639153080j),(1.0272532425262684+0.0170599673337484j)
(-0.0502410425139322+0.0091978423005966j),(-0.0468779712714442+0.0164499779080367j),(-0.0519778243577554+0.0091086466341210j),(-0.0481088349496301-0.0002774106828850j),(-0.0502851223762177-0.0003472673152259j),(1.0287571391508847+0.0183432270327102j),(1.0292905763983549+0.0197604435342440j),(1.0493567775567374+0.0368625009292251j),(1.0455073447348664+0.0326059766105626j),(1.0260321564549291+0.0195232304330286j)
(-0.0416541543776311-0.0003166878156426j),(-0.0383898456188801-0.0003193084746260j),(-0.0427038960787908-0.0003857072577888j),(-0.0380106679664704-0.0003055357053824j),(-0.0403354913275533-0.0003548116040983j),(1.0301938866984597+0.0115017295711069j),(1.0310228897959404+0.0120989522937167j),(1.0497889722594846+0.0203517222832404j),(1.0432479788873028+0.0198149212657536j),(1.0288665096345997+0.0115022239262455j)
