run_id,run_seed,train_seed,test_seed,start_row,train_dp_max_mw,train_dq_max_mvar,test_dp_max_mw,test_dq_max_mvar,train_dp_samples,train_dq_samples,run_dir,train_csv,test_csv,model_path,fit_dir,iteration,mean_mag_mae,worst_mag_max,mean_ang_mae,worst_ang_max,metrics_source
run_01,5242,5253,5271,539,0.058381,0.019942,0.067938,0.024982,39,12,models/cross_eval/runs/run_01,models/cross_eval/runs/run_01/train_data_complex.csv,models/cross_eval/runs/run_01/test_data_complex_blockrand.csv,models/cross_eval/runs/run_01/training/final_model_iter1020.jls,models/cross_eval/runs/run_01/training/fit_plots,1020.0,0.0014446861884986,0.0050623736248269,0.0003375227293057,0.0017255475900504,models/cross_eval/runs/run_01/training/metrics_progress.csv
run_02,6242,6253,6271,1605,0.039068,0.048529,0.052695,0.026706,27,21,models/cross_eval/runs/run_02,models/cross_eval/runs/run_02/train_data_complex.csv,models/cross_eval/runs/run_02/test_data_complex_blockrand.csv,models/cross_eval/runs/run_02/training/final_model_iter1020.jls,models/cross_eval/runs/run_02/training/fit_plots,1020.0,0.0005133787557131,0.0037260339204174,0.0002700548933071,0.0019982266022001,models/cross_eval/runs/run_02/training/metrics_progress.csv
run_03,7242,7253,7271,1494,0.026058,0.063784,0.078123,0.066381,46,42,models/cross_eval/runs/run_03,models/cross_eval/runs/run_03/train_data_complex.csv,models/cross_eval/runs/run_03/test_data_complex_blockrand.csv,models/cross_eval/runs/run_03/training/final_model_iter1020.jls,models/cross_eval/runs/run_03/training/fit_plots,1020.0,0.0007038800629257,0.0056205174575116,0.000351297449252,0.00174435615592,models/cross_eval/runs/run_03/training/metrics_progress.csv
run_04,8242,8253,8271,2824,0.045397,0.024152,0.058958,0.059318,39,41,models/cross_eval/runs/run_04,models/cross_eval/runs/run_04/train_data_complex.csv,models/cross_eval/runs/run_04/test_data_complex_blockrand.csv,models/cross_eval/runs/run_04/training/final_model_iter1020.jls,models/cross_eval/runs/run_04/training/fit_plots,1020.0,0.0011497301518253,0.0095458257635583,0.0004614590943431,0.0040440376421297,models/cross_eval/runs/run_04/training/metrics_progress.csv
run_05,9242,9253,9271,2462,0.078757,0.029861,0.057379,0.045562,50,28,models/cross_eval/runs/run_05,models/cross_eval/runs/run_05/train_data_complex.csv,models/cross_eval/runs/run_05/test_data_complex_blockrand.csv,models/cross_eval/runs/run_05/training/final_model_iter1020.jls,models/cross_eval/runs/run_05/training/fit_plots,1020.0,0.0010436888570026,0.0080655489998786,0.0002904151755977,0.0012366497207404,models/cross_eval/runs/run_05/training/metrics_progress.csv
run_06,10242,10253,10271,3357,0.03839,0.023374,0.07231,0.020803,44,38,models/cross_eval/runs/run_06,models/cross_eval/runs/run_06/train_data_complex.csv,models/cross_eval/runs/run_06/test_data_complex_blockrand.csv,models/cross_eval/runs/run_06/training/final_model_iter1020.jls,models/cross_eval/runs/run_06/training/fit_plots,1020.0,0.0004493765650392,0.0022501217934118,0.0001146002438192,0.0005134296129331,models/cross_eval/runs/run_06/training/metrics_progress.csv
run_07,11242,11253,11271,843,0.037653,0.075849,0.027726,0.026899,19,17,models/cross_eval/runs/run_07,models/cross_eval/runs/run_07/train_data_complex.csv,models/cross_eval/runs/run_07/test_data_complex_blockrand.csv,models/cross_eval/runs/run_07/training/final_model_iter1020.jls,models/cross_eval/runs/run_07/training/fit_plots,1020.0,0.0004819393799914,0.0013344570556019,0.0002881774893473,0.0022782316913108,models/cross_eval/runs/run_07/training/metrics_progress.csv
run_08,12242,12253,12271,348,0.067897,0.068615,0.017726,0.051957,44,40,models/cross_eval/runs/run_08,models/cross_eval/runs/run_08/train_data_complex.csv,models/cross_eval/runs/run_08/test_data_complex_blockrand.csv,models/cross_eval/runs/run_08/training/final_model_iter1020.jls,models/cross_eval/runs/run_08/training/fit_plots,1020.0,0.0014788220536962,0.0022752955326064,0.0002624796614192,0.0008954134991787,models/cross_eval/runs/run_08/training/metrics_progress.csv
run_09,13242,13253,13271,2467,0.026469,0.027621,0.0625,0.045827,18,12,models/cross_eval/runs/run_09,models/cross_eval/runs/run_09/train_data_complex.csv,models/cross_eval/runs/run_09/test_data_complex_blockrand.csv,models/cross_eval/runs/run_09/training/final_model_iter1020.jls,models/cross_eval/runs/run_09/training/fit_plots,1020.0,0.0029183730529219,0.0254273946195062,0.0016540822993045,0.012124512569612,models/cross_eval/runs/run_09/training/metrics_progress.csv
run_10,14242,14253,14271,407,0.066456,0.020403,0.056704,0.059443,39,17,models/cross_eval/runs/run_10,models/cross_eval/runs/run_10/train_data_complex.csv,models/cross_eval/runs/run_10/test_data_complex_blockrand.csv,models/cross_eval/runs/run_10/training/final_model_iter1020.jls,models/cross_eval/runs/run_10/training/fit_plots,1020.0,0.0033165544765591,0.0110995077529765,0.0003025983815863,0.0027240598550139,models/cross_eval/runs/run_10/training/metrics_progress.csv
