V33_complex,V64_complex,V57_complex,V55_complex,V53_complex,V61_complex,S64_complex,S57_complex,S55_complex,S53_complex,S61_complex,V65_complex,V53_pred_complex,V55_pred_complex,V57_pred_complex,V61_pred_complex,V64_pred_complex
(1.000443368232377+0j),(1.0269837448130426+0.017084642294206493j),(1.0502824911264572+0.03237360013288899j),(1.0296126019656207+0.017432417763402572j),(1.0294814306656324+0.016593987178175233j),(1.0446827037319522+0.02499362428068573j),(-0.0460652794252173+0.0067800621563237j),(-0.0455943840584637+0.0120376012204513j),(-0.0469755480434031+0.0067872718140835j),(-0.0469117332873323-7.08942356323e-05j),(-0.047338415572505-4.85197370703e-05j),(0.9990209698046366-0.04423914432494622j),(1.0289353743115108+0.0165555028215351j),(1.0292326486560437+0.0175085923237443j),(1.0495005303706857+0.0324765587464192j),(1.0446082004234303+0.0293235238737837j),(1.0260275573435715+0.0172455733098388j)
(0.9987829829606366+0j),(1.0260695664089394+0.01917347983380655j),(1.0498883213665142+0.036670430771356045j),(1.0288568730822572+0.019397724258389485j),(1.0289282009887095+0.01839810605265011j),(1.0444421047346257+0.027871690964970563j),(-0.048365350001531+0.009266805093725j),(-0.04804127333288+0.0164023797080881j),(-0.0486881995220834+0.0092735028498176j),(-0.05011213503923-8.29391910437e-05j),(-0.0494120336144615-5.12825214351e-05j),(0.9989089220004652-0.0467008088566838j),(1.0285395922783496+0.0183348818119171j),(1.0286435000312222+0.0194532810017911j),(1.0493596008906556+0.0367801185319733j),(1.0450832332486177+0.0324970557118133j),(1.0252628666681392+0.0193269119021457j)
(1.0000179621670147+0j),(1.0267574453354524+0.017624472760910736j),(1.0502446521929047+0.033530060880937566j),(1.0293023172828448+0.01786978486503537j),(1.0291815851767752+0.016960595944053383j),(1.0446112871066588+0.025712277819059447j),(-0.0467076181477426+0.0074307393580893j),(-0.0465672384596589+0.013248326594513j),(-0.0472033141368392+0.0074286563749249j),(-0.0468810800391079-0.0001606500740635j),(-0.0479067881545463-0.0001248672101343j),(0.9989981530333579-0.044751427194443735j),(1.0286305295360463+0.0169369925403313j),(1.0289165522345751+0.0179946786991838j),(1.0494622849083923+0.0336997446213181j),(1.044700161685942+0.0301129052576351j),(1.0258108978258094+0.0177784852106482j)
(1.00079231383038+0j),(1.0270058082901776+0.016552263131259782j),(1.0503775990362685+0.03142234715677937j),(1.0294948143365068+0.016855783808203295j),(1.029372285283296+0.016081138828736134j),(1.044749894450926+0.02434840781363476j),(-0.0450198171441493+0.0062339927913328j),(-0.0452786609778549+0.0110659731186554j),(-0.045420854372272+0.0062165189255933j),(-0.0456150851901556-9.69303126641e-05j),(-0.0475040902106739-5.6786767056e-05j),(0.9990568394849895-0.043421555456522855j),(1.0287765070162267+0.0160500227212045j),(1.0290702966266028+0.0169544280599905j),(1.0495292288479878+0.0315280508894676j),(1.0445134380059655+0.028499866318896j),(1.0260086392726915+0.0167087533216709j)
(0.9989842009318219+0j),(1.0258562243671936+0.01872855385205042j),(1.0499813769349917+0.03604923049087482j),(1.028475524444131+0.018881018405556265j),(1.0283672044653571+0.017831732225442053j),(1.044497843845304+0.027439818029109143j),(-0.0470150474871616+0.008893638369319j),(-0.0482225707021707+0.015731954590164j),(-0.0475607723899894+0.0088784649323888j),(-0.0466206294515193-8.54489093155e-05j),(-0.0503859409035215-4.51236755664e-05j),(0.998952380311142-0.04576179488070429j),(1.0279341478101949+0.0177754226610053j),(1.02825760256284+0.0189646099973186j),(1.0493819401414097+0.0361323417161819j),(1.0450113606042881+0.0318697228211084j),(1.025023393260124+0.0188715732022586j)
(0.9981976186830602+0j),(1.025320778742696+0.019629017228602292j),(1.0497642857161198+0.03798594178075196j),(1.027833727800502+0.019654597040806618j),(1.0277964413314968+0.018527120548375155j),(1.044135031836547+0.02866384443515871j),(-0.047957365502776+0.0100033699231046j),(-0.0499349121428845+0.0176425176928648j),(-0.047725345495022+0.0100020632654213j),(-0.0471264993645896-3.84241745416e-05j),(-0.0508278315316123+5.267194868e-06j),(0.9989140057163662-0.04659194333447969j),(1.0274508775675626+0.0184471464990163j),(1.0277148738927473+0.0196992587161852j),(1.0493156864732682+0.0380204735331384j),(1.0450215173029584+0.0331850006186725j),(1.024579485865068+0.0197626259412257j)
(1.0014005652244364+0j),(1.026944156397747+0.015529893328790031j),(1.0505083028663253+0.029660094772988966j),(1.0291779816069722+0.015792355019198408j),(1.0289829331119655+0.01509607924575936j),(1.0444548923273693+0.023028566375278007j),(-0.0431296953307859+0.0052003341661086j),(-0.0454729856504882+0.00920115454723j),(-0.0430867230915973+0.0051951987570757j),(-0.0426429986088392-3.83831475846e-05j),(-0.046229552430197-1.99832590621e-05j),(0.9991272616181407-0.041769786825353435j),(1.0283268236397316+0.0150667332168126j),(1.0287007855239845+0.0158769756959745j),(1.0495815979040375+0.0297171073527957j),(1.043969065490821+0.026944919258644j),(1.0259066599058073+0.0156774160286735j)
(1.0022597651411216+0j),(1.0271843747473737+0.014337612011325022j),(1.0506227701743316+0.02734146737826472j),(1.0296580473008778+0.01481103476783418j),(1.0294856356270843+0.014272537140628648j),(1.0444694004641808+0.021488454558398956j),(-0.0411820289455943+0.0038789163656184j),(-0.0440704292396772+0.0068153696853494j),(-0.0420380046549635+0.0038747707031309j),(-0.0425943563837057+3.17216290143e-05j),(-0.0447120361804905+4.83731121036e-05j),(0.9991790698590227-0.0405115582970847j),(1.0287973323834092+0.0142324802031149j),(1.029130162668837+0.0148504966852453j),(1.049645596857471+0.0273406881971993j),(1.0436405676165146+0.0252054704774735j),(1.0261004947488441+0.0144911104371356j)
(1.0002896927682012+0j),(1.02600159373134+0.01678054013602788j),(1.0502467623752945+0.032508303079046424j),(1.0288211201417912+0.017178010065078058j),(1.028774377945831+0.016388045643611918j),(1.0442383793727832+0.024934411292208206j),(-0.0434998287924529+0.0068461406020676j),(-0.0471556797243564+0.0120636998825338j),(-0.0447378769151626+0.0068449754157901j),(-0.0455774133720016+2.68566409744e-05j),(-0.0473215854953298+5.11553768881e-05j),(0.9990577442734246-0.04340073279676915j),(1.0282370542823358+0.016327257926523j),(1.0284651713163153+0.0172019076814377j),(1.0494992927495916+0.0325160621794049j),(1.0442159683276566+0.029120376544147j),(1.025058244230165+0.0169333715036264j)
(1.0046724285545634+0j),(1.0278186072838453+0.01086955249452748j),(1.0503035645286172+0.02041298992667618j),(1.0300588490790141+0.011521670768388668j),(1.029872671417265+0.011380450494339677j),(1.0438229761843887+0.016726544036789734j),(-0.0363826356752502+6.40431686815e-05j),(-0.0401915417928155+4.57594622108e-05j),(-0.0369919574660372+6.17241330466e-05j),(-0.0389810699980127+2.78005079605e-05j),(-0.0400484241154066+5.46775244267e-05j),(0.9993523999568643-0.035983061299109526j),(1.0290110043986265+0.0113495518819245j),(1.0293051208269293+0.0115543726381852j),(1.0490932265947446+0.020377373927402j),(1.04200729379323+0.019551347989115j),(1.0265777580508388+0.0110069530288681j)
(1.0046568114412249+0j),(1.0275290856118462+0.010723907379002875j),(1.049599705323564+0.020055500086403333j),(1.0298506955010927+0.011416069043878138j),(1.0296391906363764+0.011260700467965358j),(1.0433536566594934+0.01649469832753124j),(-0.0359440208162306+5.61365990528e-05j),(-0.0391357184264779+1.18362050252e-05j),(-0.0370647408787166+5.12388291385e-05j),(-0.0387099493572835+1.679981164e-06j),(-0.0397160396667093+3.54867976745e-05j),(0.9993655595302311-0.03561570474984472j),(1.0287490120618583+0.0112326384297001j),(1.0290623475958407+0.0114588178665366j),(1.0483447495708846+0.0200309473621469j),(1.0415018586198905+0.0192332076825843j),(1.0262562102191117+0.0108605040561058j)
(1.0043868019848816+0j),(1.0284668538854018+0.011691285386910458j),(1.0508662132440567+0.021627917745885107j),(1.0306330624504858+0.012289732105793053j),(1.0303682059767507+0.012053899305864339j),(1.0447205356528373+0.01776930801764218j),(-0.0387200865779201+0.0006350989480027j),(-0.0401589255452292+0.0009594468913242j),(-0.0392116860709699+0.0006305604522417j),(-0.0401002432398046+0.0001050892081736j),(-0.0420890654702136+0.0001347959577643j),(0.999297835386693-0.037467802063502836j),(1.0296032180324055+0.0120013891193352j),(1.030012655682452+0.0122862907460288j),(1.0497794526503168+0.0215296689905635j),(1.0430845902967405+0.0208108450704489j),(1.0273015087992234+0.0118405668196755j)
(1.0044612568457902+0j),(1.0267445859052275+0.010456081877394973j),(1.0473202312894783+0.019183285343933806j),(1.0285890817311325+0.01097661061823626j),(1.0283016257187403+0.010783018359765206j),(1.0415730264100866+0.015871814944025422j),(-0.035741797882819+0.0001087892531713j),(-0.0366878900558683+6.37680805663e-05j),(-0.0358510998323825+0.000123075552792j),(-0.0363049957521317+6.64706224861e-05j),(-0.0384056813570043+9.90162034866e-05j),(0.9994131032983434-0.03425564122264672j),(1.0273865689210266+0.0107329191733281j),(1.027785687664822+0.0109780762088862j),(1.046041594592453+0.0190780437141991j),(1.0397222993895943+0.0182976660788302j),(1.0254451480369748+0.0105842790101864j)
(1.0045030713283407+0j),(1.0270952276606367+0.01058789049827193j),(1.0477256008348377+0.019342254862606982j),(1.0288261987008462+0.01106352263227737j),(1.0284781067406192+0.010838077745918223j),(1.0419959924209528+0.016025890038757144j),(-0.0364282967627022+9.18768160499e-05j),(-0.0368825716436797+6.15919649611e-05j),(-0.0363377141011499+0.000120370761556j),(-0.0360179976291176+5.54575093771e-05j),(-0.0390468488342335+8.12959038712e-05j),(0.9994023917599781-0.03456673754399224j),(1.0275708282402207+0.0107932978422884j),(1.0280426083109069+0.0110807440472497j),(1.0464513355132998+0.0192489088170656j),(1.0401459593133247+0.0184972102401316j),(1.0258071503124166+0.0107161717385244j)
(1.0045147817256634+0j),(1.0272205696559908+0.010621633814091137j),(1.0475035457427184+0.019220321816567264j),(1.0288446372938922+0.011063651009644246j),(1.0284414786162155+0.010810879441578776j),(1.0418917597404673+0.015963043500588473j),(-0.036959617002668+8.43878430799e-05j),(-0.0363662492198111+4.91916405272e-05j),(-0.0367674219139012+0.0001150375712957j),(-0.0357531832284817+5.9179885561e-05j),(-0.0388911595234789+5.64678059257e-05j),(0.9994021592297261-0.034573459863908154j),(1.0275273975178725+0.0107719257999936j),(1.0280564977419686+0.0110867725730661j),(1.0462169808136008+0.0191374442032002j),(1.0400405709026546+0.0184351336050094j),(1.0259272696050816+0.0107502574550011j)
(1.0040145968908782+0j),(1.0233951123106453+0.009034640016082418j),(1.040869156265842+0.016372795438051146j),(1.025089567222619+0.009536959788020615j),(1.0247644105301876+0.009331513205158536j),(1.0363105990576997+0.013700715134395402j),(-0.031031599047673+6.94034760628e-05j),(-0.0303276109920593+3.98484729102e-05j),(-0.0318101721255685+9.81090747784e-05j),(-0.0312822695498986+5.82339920592e-05j),(-0.0339984085178766+4.94711809114e-05j),(0.999556642268619-0.02977446719395987j),(1.0236940956908909+0.0092804918488773j),(1.0240984589662494+0.0095288566851113j),(1.0394004367255296+0.0162360226478682j),(1.0343453701007197+0.0151130470488965j),(1.0219418357606496+0.0091381235142729j)
(1.0044815455612357+0j),(1.0299098171902565+0.01154652503518608j),(1.0437876081833584+0.017564360224502515j),(1.0265465105156901+0.01001718559180484j),(1.0261352113372515+0.009767969187280479j),(1.0388129902166225+0.014717320573755936j),(-0.049840031201654-8.39460246584e-05j),(-0.0317081132347932-9.3179303786e-06j),(-0.0324776189962637+5.70761806621e-05j),(-0.0308538571593817+1.61071351091e-05j),(-0.0334090461848475+1.62730029331e-05j),(0.9994414768774199-0.03341757467384086j),(1.0251742068523129+0.0097239709478822j),(1.025692735059993+0.0100530637423915j),(1.042559345374748+0.0174884977263065j),(1.0371780987366706+0.0167650564789728j),(1.0286507651369312+0.0116525902803693j)
(1.0047893180117473+0j),(1.0341851803477022+0.013291761116132098j),(1.0461573196097689+0.018609459551750696j),(1.0280147253004694+0.010592275407039192j),(1.0277282157025422+0.010405977044126302j),(1.0410620137201263+0.01568535801382141j),(-0.0617227518056689-6.82751249825e-05j),(-0.0324626180365197+6.132634822e-06j),(-0.0331668087070432+5.18759841639e-05j),(-0.0333269702237216+2.39363883629e-05j),(-0.0340163099310993+6.5458075505e-06j),(0.9993366700906525-0.036417301000022564j),(1.0268883297356108+0.0103640510925882j),(1.0272940268268633+0.0106362198467425j),(1.0451618149971058+0.0185694814188356j),(1.0396816749502282+0.0181900424614814j),(1.0331224438934155+0.0134108464786j)
(1.003812720044205+0j),(1.0194417255169217+0.0075317356632045385j),(1.040601062438111+0.016186356107322258j),(1.024710195235572+0.00936825660819971j),(1.0244955511874654+0.009220886771454j),(1.0354075521624315+0.013241964356663808j),(-0.0187027934486739+0.0002793804721264j),(-0.0324760132443584-2.21457254506e-05j),(-0.0316418680958184+1.72528312741e-05j),(-0.032611519352122-6.673420867e-06j),(-0.0334492588112169-3.64114066224e-05j),(0.9996085497404853-0.02797762115912698j),(1.0233391331996389+0.0092009135369944j),(1.0235805688437054+0.0093865811374443j),(1.0389436242662762+0.0161319221913883j),(1.0332708914598638+0.0145950714778381j),(1.0179137410366546+0.0076339884314079j)
(1.0049162775440137+0j),(1.0345513987556485+0.01353949190244373j),(1.0482602013117963+0.019392974746624218j),(1.0289974696818902+0.010910051016071546j),(1.028798470222577+0.01076830782871804j),(1.0427434189438227+0.016259102433813132j),(-0.0609646129622936+0.0002732613142074j),(-0.0348218407307708-0.0001097407271495j),(-0.0336920378700495-6.1546132182e-05j),(-0.0351158464144231-9.08098544621e-05j),(-0.0359461363206276-0.0001242902455063j),(0.9992978900852068-0.037466343179634126j),(1.0279412012537548+0.0107679968809195j),(1.0282537185292913+0.0110382887885741j),(1.0472219244184586+0.0194867444662023j),(1.041361283070802+0.0189971004481012j),(1.0334830063059093+0.013661754030276j)
(1.0042018770331853+0j),(1.0254967841568787+0.009642139927158348j),(1.0407422498403727+0.016083305146607666j),(1.0246121107774107+0.009131940547795904j),(1.024426791049012+0.009003262567276219j),(1.0358772795518487+0.013338932773375304j),(-0.0381563070454756-0.0002141621726242j),(-0.0303966131829751-8.42731603136e-05j),(-0.0292675881036535-4.4087052692e-05j),(-0.0303511890804698-6.39716866255e-05j),(-0.0313311501914015-0.0001049294097849j),(0.9995514156086237-0.02994941660193703j),(1.0233008100515943+0.0089884603701457j),(1.0235317079232786+0.0091971160207477j),(1.0392625891163072+0.0160765146131063j),(1.033965403509446+0.014730629110371j),(1.024039636297414+0.0097340097576556j)
(1.004495536441371+0j),(1.0279894418094901+0.010875215197071174j),(1.0453258792360267+0.01809583632556203j),(1.0272775176815623+0.01024468218913556j),(1.0270975367693083+0.010114553432079617j),(1.0399848835244994+0.015047062849564613j),(-0.0418716610266414+0.0002532151580203j),(-0.0340520579090724-9.49829604734e-05j),(-0.0325510300116057-6.2236959158e-05j),(-0.0341028419210868-8.5058227343e-05j),(-0.0358455735410471-0.0001223633758021j),(0.9994413744313253-0.03342063845625066j),(1.026062444944125+0.0101152225215387j),(1.0263253598630864+0.0103505770637351j),(1.0439478550007266+0.0181502699665337j),(1.0381834518147406+0.0171434383235622j),(1.0266274948422713+0.0109860596928006j)
(1.0039859309655526+0j),(1.0220283684346536+0.008431303783047489j),(1.0405435635872171+0.016010428375400475j),(1.0243141993779188+0.009042872048094121j),(1.024247380734343+0.008975553870380938j),(1.0353128727654874+0.01309330483680316j),(-0.0272918606476078+0.0001827557488277j),(-0.0319496336008075-0.0001108828503729j),(-0.0290340895511936-9.99593667055e-05j),(-0.0317096089557443-0.0001084033917506j),(-0.0318190549043012-0.0001477941250332j),(0.9995932377973327-0.028519448624492554j),(1.0230540856112311+0.0089796292619846j),(1.023133768741325+0.0091243947331752j),(1.038910315661549+0.0160522856078639j),(1.0332623138818735+0.014382684831988j),(1.0204890772515798+0.008522701276414j)
(1.0041430181543316+0j),(1.020882004193186+0.007991013751400152j),(1.0441660193454003+0.017543420938604573j),(1.0266352946758692+0.010029288378111028j),(1.0265286271077996+0.009936460753985002j),(1.0382824887654434+0.014246049374203632j),(-0.0195826852014092+9.36609870164e-05j),(-0.0360754927754512-8.75196312034e-05j),(-0.033278961885825-7.17621716472e-05j),(-0.0359285430792194-8.14122992383e-05j),(-0.0358502788763623-0.0001062671160125j),(0.9995462876927602-0.03012007237079384j),(1.0253889043848174+0.0099415396778626j),(1.0255203899073182+0.0100990504994106j),(1.0425150283673357+0.0175821486794991j),(1.036091825806851+0.0160881376431061j),(1.0193701723495188+0.0081042643719475j)
(1.004918529351941+0j),(1.0345205329027187+0.013651909008030186j),(1.0499504380982139+0.02028190163546282j),(1.0298361194586312+0.011355319132575427j),(1.029684228667855+0.011236447442591991j),(1.0439093274394373+0.016864868340198114j),(-0.0595033876502017+0.0003862015412306j),(-0.0372515535745943-1.9145804413e-05j),(-0.0348551846430196+5.09857132e-07j),(-0.0370658537870522-1.41566248771e-05j),(-0.0368727164515745-3.61000547886e-05j),(0.9992630023274617-0.03838557254369664j),(1.0289029000666274+0.0112193039692942j),(1.029172232444779+0.0114356727586501j),(1.0490026786479802+0.0203269487645048j),(1.0425840509869184+0.0198934744001183j),(1.0335082893455863+0.01378334754899j)
(1.0033070051824742+0j),(1.0330635908889265+0.0154060163371588j),(1.0505573508083559+0.025177554647394806j),(1.0299341287373205+0.01375408878356203j),(1.0297504981214674+0.013331043885546576j),(1.0444517672111657+0.020099109041206643j),(-0.0586432629097467+0.0024485910441982j),(-0.040983720245703+0.0047682915473193j),(-0.0396095586314595+0.0026907587149775j),(-0.0403823865770501-3.11659088989e-05j),(-0.039840351918236-4.16394725583e-05j),(0.9991484079059293-0.04126086498180619j),(1.0290664007793715+0.0133113913182139j),(1.0293844862918295+0.013837150697441j),(1.0496973486476566+0.0252562010119298j),(1.0436495500560485+0.0238885620190843j),(1.0321145097005375+0.0155467264283548j)
(1.0023156389956254+0j),(1.0236215321441677+0.01269246932413696j),(1.0508873790983222+0.02691113021934729j),(1.030008721718542+0.014711851314961666j),(1.0298206690651113+0.014185070958185754j),(1.0440943685274848+0.02090514351184571j),(-0.02872736195076+0.0038048801977166j),(-0.046073457712155+0.0063444263201092j),(-0.0436282107047048+0.0035802621838975j),(-0.0442869422401875-6.89305181069e-05j),(-0.0441213515882854-9.42970658641e-05j),(0.9992382900166319-0.039023579597949956j),(1.0290060675441164+0.0141910105778125j),(1.0292953358018433+0.0148027860352453j),(1.0496534412306806+0.027034666212145j),(1.0429826923067262+0.02460119657273j),(1.022385353740427+0.0128570465432858j)
(1.0048180719214859+0j),(1.028837217322401+0.011056127019245606j),(1.0502955995204257+0.02023376360288798j),(1.0302013500003078+0.011472529825435191j),(1.0298513823278237+0.011248859431235067j),(1.0437772206449762+0.016555658153817522j),(-0.0394504725920477-0.0003078930356208j),(-0.0398913365315377-1.08949695767e-05j),(-0.0378358670723222+2.06991891486e-05j),(-0.0376934463838376-6.9466495861e-06j),(-0.0389543567202564-4.97097302049e-05j),(0.9993447815546356-0.03619402684860685j),(1.0289630334369393+0.0112434449244238j),(1.0294202710119527+0.0115456610032339j),(1.0490488394891249+0.0202620077300782j),(1.0419390508173874+0.0194778606466973j),(1.0275982282000118+0.0111901901267978j)
(1.0045800784684975+0j),(1.0281329829388757+0.01086057941079071j),(1.0471669743921164+0.018931807392577014j),(1.0281814305356616+0.01065122021518269j),(1.0277729966437086+0.010402980341845475j),(1.041087768404035+0.015519215870741412j),(-0.0406932417116781-2.87961343989e-05j),(-0.0370312427975079-3.53444881836e-05j),(-0.0350190698677649-1.10799468137e-05j),(-0.0337516300813237-3.00529237468e-05j),(-0.0361464402047479-6.30669933935e-05j),(0.9994158131033357-0.034176490735568894j),(1.0267963310736+0.0103946573415299j),(1.0273033251709645+0.0107308315096754j),(1.0458286260390377+0.0189483023521585j),(1.0392889717172407+0.0180205131658783j),(1.0268307942834305+0.0109756626252608j)
(1.0043198162744242+0j),(1.0248228626922198+0.009439271461422977j),(1.0445215146788098+0.017764857155990157j),(1.0265334470593899+0.009974445048217076j),(1.0262762027297778+0.009806257475268813j),(1.0386490744367545+0.014482905776737463j),(-0.0323443188961009-0.000231437426463j),(-0.0355541031705498-3.15503459304e-05j),(-0.0324733118119461-8.3686861972e-06j),(-0.0329679439483878-1.77553931575e-05j),(-0.03454775130452-4.24972934885e-05j),(0.9995048754391478-0.03146432858609333j),(1.025211927067133+0.0097886754334982j),(1.0255345341070776+0.0100221409925427j),(1.0430480015020849+0.0177403119561161j),(1.0366616543426883+0.0164725914228991j),(1.0234102959351838+0.0095445529688877j)
(1.0043083482069977+0j),(1.025636794840053+0.009903504361026562j),(1.04446739997464+0.01777221280763101j),(1.02639009320155+0.009917363270220086j),(1.0260724009071074+0.009719427477752387j),(1.0388761552235193+0.014609133894350267j),(-0.0352341404525522+0.0001105105822601j),(-0.0348524236540276-5.83947789661e-05j),(-0.0320328928650029-4.29428191523e-05j),(-0.0316516476231299-5.63335084099e-05j),(-0.0354968374783335-7.29837096111e-05j),(0.9994965286100855-0.03172836737666238j),(1.0250074344361204+0.009709649050843j),(1.0254148817126663+0.010002898433567j),(1.043003838203654+0.0177712069804963j),(1.0369580302456103+0.0165210464337011j),(1.0242345639510657+0.0100038004624543j)
(1.0039312928406026+0j),(1.0225982966625324+0.00882379690608599j),(1.041388893832289+0.016593138221589886j),(1.024577194813418+0.009286967002272533j),(1.0241703312921124+0.009044778882625008j),(1.0360929915378938+0.013592880792764403j),(-0.0287202391523842+0.0003536581304734j),(-0.0328988774445307-1.2691956745e-06j),(-0.0307087119957228-5.374027049e-07j),(-0.0289548910850703-2.31153862005e-05j),(-0.033473747309472-3.16880171254e-05j),(0.9995771719371185-0.029077093083597814j),(1.0230530245874692+0.0090225540609386j),(1.023534709734637+0.0093392671920653j),(1.03982795134688+0.0165348230045747j),(1.0341311922225047+0.0150536820317707j),(1.0211325738713593+0.0089127576177867j)
(1.003853140071359+0j),(1.0219560544909279+0.008415777450877085j),(1.0374230151291781+0.014899219651222612j),(1.0239958525963784+0.009086197114306964j),(1.0236031979416376+0.008851595745876953j),(1.0343380901175465+0.012863190525194782j),(-0.0288384348912421+3.55657072383e-05j),(-0.0248308161205245+0.0001576703805266j),(-0.0315670669248936+2.14273698285e-05j),(-0.0301226597522549+1.71329298647e-05j),(-0.0340841659270488-6.9739195159e-06j),(0.9996043298414311-0.0281279889480814j),(1.0224754730401016+0.0088035831363458j),(1.0229488651360648+0.0090987770920936j),(1.0358853015157998+0.0147600787635609j),(1.0322978017293125+0.0136425943762214j),(1.0204196489078199+0.0085175209595909j)
(1.0038645850621755+0j),(1.0215752330984342+0.008165993791890268j),(1.0369206797962265+0.014463691800123192j),(1.023562041918316+0.008811191629209887j),(1.0232162529372686+0.008601848000105538j),(1.033660832589391+0.012449058562975688j),(-0.0281295948308379-1.92955627667e-05j),(-0.0248486545531768-9.49765134578e-05j),(-0.0305943433659561-2.50072660421e-05j),(-0.0296728666700138-2.96654279068e-05j),(-0.0327545461708616-4.42569343206e-05j),(0.9996224199709558-0.027477581615018697j),(1.022057081850594+0.0085638665872209j),(1.0224605181770623+0.0088416536760021j),(1.035347022981499+0.0143619029751789j),(1.0316025528694377+0.0131366686793212j),(1.0200179267178444+0.0082623961425043j)
(1.0034032438301888+0j),(1.0187161598111352+0.00716802507257179j),(1.0361005539820094+0.014480883653828686j),(1.0208578496632525+0.007831459921741595j),(1.0205790964565424+0.0076622007684031684j),(1.0307115305421592+0.011520252822229054j),(-0.0221221517811985+1.78163871613e-05j),(-0.0306572039374474+0.0001297605313991j),(-0.0252023363038521+3.00704095321e-05j),(-0.0245381919841193+3.06581599821e-05j),(-0.0269991856052804+4.3774862192e-06j),(0.9997018724419799-0.02441651564002044j),(1.0194124002619276+0.0076236749054358j),(1.0197027621835837+0.0078171940240827j),(1.0344933757642363+0.0143509829065585j),(1.0287171394743093+0.012143858405561j),(1.0172243991167094+0.0072307348451215j)
(1.00326907938183+0j),(1.0177332713681928+0.006682586709076945j),(1.031357579926335+0.01217116559428077j),(1.0197446048446748+0.007365798855165384j),(1.0194117012775918+0.007168671116991311j),(1.0280654315133755+0.010320899936292578j),(-0.0222380623577928+4.95988204623e-05j),(-0.0222250509485059-0.0002519571567366j),(-0.0257250107894473+6.9871705536e-05j),(-0.0243965395694586+7.14976855084e-05j),(-0.0261090751666327+2.97820300908e-05j),(0.999740004482646-0.022801829686209668j),(1.018255094787549+0.0071081854549106j),(1.0185948119569261+0.0073122052202159j),(1.0298252761521125+0.0119724567898819j),(1.026125287866488+0.010139591972j),(1.0161956742685265+0.0067534199302568j)
(1.0026122859894677+0j),(1.0233573104230456+0.011585256761577406j),(1.0509318131065573+0.02538265407616009j),(1.026435413209859+0.012328531728409907j),(1.026089282778892+0.01184920535497223j),(1.0405291884498271+0.018490787020104624j),(-0.0297142183866733+0.002572139082251j),(-0.0546863729021603+0.0044842343478925j),(-0.034117637781877+0.002598485793732j),(-0.0321250483140124+7.64042044453e-05j),(-0.0333165155048278+2.30781703974e-05j),(0.9993987597650243-0.03467158750520743j),(1.0251920099190954+0.0118490170264032j),(1.0256024774226808+0.0123484727577706j),(1.0496936773180192+0.0254056231971163j),(1.0396012814975493+0.0221375066911255j),(1.0222087435465623+0.0116803730178775j)
(1.0040344097029092+0j),(1.0233117914318068+0.009218767183294183j),(1.048738594703457+0.020196502930703967j),(1.026234666112681+0.010113954577582141j),(1.0258356996326652+0.0098776740226395j),(1.039117880311605+0.015135212683094357j),(-0.0266526821478426+0.0001128474632907j),(-0.0484870902783554+0.0003006823259231j),(-0.0312854547234951+0.0001254267954815j),(-0.0297129570876658+0.0001515163680673j),(-0.0305926506625788+0.0001028792230119j),(0.999512532022841-0.03122015902088407j),(1.0248671505788207+0.0098516917290255j),(1.0253128079764235+0.0100754819486661j),(1.047376832629901+0.0201160774265644j),(1.0374628049820147+0.0179995573190981j),(1.0220731672003194+0.0093048302864666j)
(1.0040141384501564+0j),(1.0233499244505477+0.009265370440619331j),(1.0493132364319784+0.020516351257010016j),(1.0261825417899488+0.01011525123358131j),(1.0257517764578123+0.009863108724710256j),(1.0391126910345476+0.01518375486799183j),(-0.0267147527654702+0.0001332587165164j),(-0.0503373010417013+0.0003476418830239j),(-0.0311310776725174+0.0001393135201886j),(-0.029106498200557+0.0001662443909754j),(-0.0295733422551121+9.56733077578e-05j),(0.9995119544554647-0.031238644346660727j),(1.024790170719454+0.0098429810221665j),(1.0252603057303944+0.0100736047179851j),(1.0479660889621105+0.0204481983718064j),(1.0375287895121215+0.018193099195754j),(1.0221354557121356+0.0093478993531493j)
(1.003122132312541+0j),(1.0235066546001061+0.010824212202628906j),(1.0509349895532538+0.02381617746448997j),(1.0263017721034748+0.011510082008546522j),(1.0259314166947375+0.011121846981056146j),(1.04032207030669+0.017420844376419397j),(-0.0288190336162661+0.0017227983847305j),(-0.0542429806211789+0.002795818151471j),(-0.032426536774908+0.0017281136642732j),(-0.0304629461676473+0.0001839950793777j),(-0.0322964568014367+0.0001354903794293j),(0.9994384181943113-0.03350892772460627j),(1.0250573925599569+0.0110961955649093j),(1.0255016515750324+0.0114695893840212j),(1.0497322334607726+0.0237407454437674j),(1.0392174267641934+0.0208701231334889j),(1.0223815812400623+0.0109131538520455j)
(1.0040525677520467+0j),(1.0234009048165502+0.009172426508406805j),(1.0469093658086603+0.019109922015192075j),(1.0259542634768781+0.009946575392587812j),(1.0255020711536509+0.009681327314587686j),(1.038191852663527+0.01461732888323511j),(-0.0280624847887447+0.0001513723511877j),(-0.0446195829436151-9.39392578658e-05j),(-0.0318721635471158+0.0001629899854568j),(-0.0296401348172233+0.0001762268782186j),(-0.0301360672805551+0.0001358418790247j),(0.9995256482501512-0.030797377974675827j),(1.0245243668765343+0.0096405655605264j),(1.0250244510969098+0.0098849155992996j),(1.045533317011324+0.0189881377466808j),(1.0364921871735764+0.0172609544521658j),(1.0221278342804905+0.0092625859959738j)
(1.0044135197413835+0j),(1.0264487744641873+0.010377033384957797j),(1.0468902748092468+0.01911433914857392j),(1.0288331848352177+0.01116747665425581j),(1.028432325627011+0.010920784936219948j),(1.041079287920348+0.015763216495978588j),(-0.0352320651260248+0.000135016426015j),(-0.0363347188411733+0.0001858018974076j),(-0.0378728341195394+0.0001553416888327j),(-0.0370592152425791+0.0001730425331909j),(-0.0367640883409883+0.0001101179489491j),(0.9994107163059239-0.03432521133044817j),(1.0275335062560282+0.0108684633671382j),(1.0280320491536488+0.0111164102629546j),(1.0456199078099804+0.0189823837653667j),(1.0392654730917708+0.0183646398176422j),(1.0251535657316202+0.0105140709084986j)
(1.0044141422570767+0j),(1.026496221983793+0.010374700236018636j),(1.047613416158519+0.01934963167129845j),(1.0284737828321318+0.010971412793012114j),(1.0280653221738603+0.010721578022770979j),(1.0409973377689166+0.015692451567695092j),(-0.03534048603173+0.0001262814858379j),(-0.0388751201281222+3.31387218982e-05j),(-0.0365363723535466+0.0001500935150209j),(-0.0354521223823666+0.0001562109105642j),(-0.0355872830353328+0.0001058690111255j),(0.9994205634482446-0.03403729361734392j),(1.0271591990035271+0.0106758081657778j),(1.0276590772592131+0.0109319085659524j),(1.046342832958288+0.0192370744371273j),(1.0392324330885228+0.0183903590834235j),(1.0252252887270599+0.0105009215317274j)
(1.0041239634492345+0j),(1.0266586555458106+0.010987620074148111j),(1.0509318788222426+0.021714721011184785j),(1.028573998631167+0.011458723883245056j),(1.0282038093545085+0.011175847870951244j),(1.0422254207825692+0.016833644212292196j),(-0.0351508891769069+0.0006577696286365j),(-0.047050070094028+0.000798092429677j),(-0.0355453618958576+0.0006887999043935j),(-0.0345621872580813+0.0001872713032926j),(-0.0349601722204093+0.0001377268986898j),(0.9993850751119037-0.0350638224324526j),(1.0273677013583635+0.0111381130553122j),(1.0278301003118686+0.0114150411479272j),(1.0497774982976125+0.0216251185281j),(1.0407633949295185+0.0201051204643086j),(1.0255100193408102+0.0111037420290416j)
(1.0037504558010069+0j),(1.022240097242251+0.008719212260212899j),(1.041428660049149+0.01691816415338339j),(1.0237253177549257+0.009112196210524733j),(1.0234599690389623+0.008942991458897077j),(1.0347970565507012+0.013346860787462288j),(-0.0288501041960399+0.000159896772578j),(-0.0362127584794909+0.0001559463923925j),(-0.0287475021376897+0.0001954766829072j),(-0.0286743311194615+0.0001952958826513j),(-0.028939959937824+0.000142762266307j),(0.9995944028924734-0.028478583287090374j),(1.0224176223266215+0.0088801223216025j),(1.0227238374992809+0.0090207363245857j),(1.0400068388815167+0.0167262436843836j),(1.0329945783728955+0.0150513882561646j),(1.020867495474673+0.0088044363508554j)
(1.0041740591401076+0j),(1.0253351543894167+0.010072677739857322j),(1.049932959074348+0.0207860144586485j),(1.027127932598662+0.010514428018492292j),(1.0267748474667762+0.010297154263221654j),(1.0405535747968162+0.015785303631897233j),(-0.0318928137000853+0.0001475796416316j),(-0.0482776341369653+0.0003671092736737j),(-0.0320574397810452+0.0001828765694754j),(-0.0311821228587002+0.0001844356469441j),(-0.0321943238558807+0.0001272980154462j),(0.9994598424709552-0.03286370776302263j),(1.0258697378616668+0.0102634018985833j),(1.0262945162119255+0.0104684197013795j),(1.0486905906684543+0.0206898146745792j),(1.0389833410108897+0.0188067436257361j),(1.0241529505791753+0.0101672506261541j)
(1.003859836431648+0j),(1.0268683832935759+0.011511716164855867j),(1.0508067154638474+0.0223437789890137j),(1.0286639290415391+0.011915200722356228j),(1.0283413502778838+0.011614682675454041j),(1.0424444661262255+0.017435604740396914j),(-0.0365824144411283+0.0011484776672382j),(-0.0464212474984482+0.0013406162272956j),(-0.0362684625557596+0.0011848209418291j),(-0.0357941533151311+0.0003079050297457j),(-0.0360667875564845+0.0002425241186085j),(0.9993575328829714-0.03584022140083538j),(1.027581045009179+0.0115484297374264j),(1.0280197979892203+0.0118064209480752j),(1.0497664421192234+0.0221630494661928j),(1.0411266877967151+0.0207650070132258j),(1.0257721863526208+0.0116365931222814j)
(1.0040531271644724+0j),(1.0248998501253934+0.00991395160276506j),(1.0436622681553376+0.017982176843708744j),(1.0269537007491423+0.010594514197136274j),(1.0265640905836364+0.010350119617692326j),(1.0384367701836552+0.014936944567623647j),(-0.0337557657316706+0.0003133379161363j),(-0.033275744587822+0.0002609357809299j),(-0.0356596594352034+0.0003566258354039j),(-0.0347031281146726+0.0003330523106371j),(-0.0347539586246082+0.000276303229162j),(0.9994771642883455-0.03233261613491226j),(1.025672218570739+0.0102482047613484j),(1.0261672807482436+0.0104359935643351j),(1.042430441802433+0.0176822009693755j),(1.0366815885755363+0.0170817230162983j),(1.0235947706844903+0.0100428276203765j)
(1.0040971187911576+0j),(1.0257661014112347+0.010299283815331016j),(1.0465045626555027+0.019288139454914432j),(1.0263712870740231+0.01025175182760024j),(1.026679399553704+0.01037605986372073j),(1.039942403974131+0.015572643760808382j),(-0.0349846832281116+0.0002782013701827j),(-0.0390316122274718+0.0003065576542928j),(-0.0281549425941853+0.0002596580887847j),(-0.0358357194181659+0.0003221670429788j),(-0.0362996772834795+0.0002535060800277j),(0.999465656460602-0.03268641240298184j),(1.025805574739857+0.0102878266206161j),(1.0256048160785673+0.0101179434085926j),(1.0453826137652682+0.0190309317741728j),(1.0382112465770752+0.0176099919594882j),(1.0245342942696434+0.0104090801005518j)
(1.003390569129492+0j),(1.0270918687295922+0.01278585856245113j),(1.0507732674589416+0.024599177311122784j),(1.033842051874441+0.015405173894395297j),(1.031558802033616+0.013973503024325639j),(1.0445053680811192+0.019763082063743505j),(-0.0367484166057897+0.0023584410339236j),(-0.0408289531770127+0.0039657313380496j),(-0.0627926028913251+0.0022088000342475j),(-0.0379879973012687+0.0003602261775092j),(-0.0389416880664036+0.000291454631053j),(0.999165983096449-0.04083305306864192j),(1.031035455956261+0.0138860259769566j),(1.03351949674573+0.0152617668456023j),(1.0497178904274955+0.0243753350260795j),(1.0430288199170132+0.0241579143112795j),(1.0260655565889312+0.0129913714198309j)
(1.0027242184903284+0j),(1.0270899374773081+0.013657303554693183j),(1.0505766714767426+0.02611783318820743j),(1.0308748793208382+0.014735612287670653j),(1.0301008510855767+0.014026536567325412j),(1.0442399118029007+0.02066792254829122j),(-0.0394324438741155+0.0032519275040854j),(-0.0430944234421028+0.0055548111639117j),(-0.0476385877232513+0.0027982090272644j),(-0.0414180243713422+0.0003454363186303j),(-0.042085976950487+0.0002785611166049j),(0.9991889328886605-0.04026756005545821j),(1.0295260164877253+0.0139335715464387j),(1.0304814809696254+0.0146024116579883j),(1.0496816597763867+0.0259041633551329j),(1.0432770531856583+0.0246264423436185j),(1.026075027645942+0.013831511118074j)
(1.001479071600899+0j),(1.0264715130274102+0.015326812720454518j),(1.050392079583227+0.029549872320668896j),(1.0311147534471656+0.016645995620214696j),(1.0300284437459952+0.015568000811390098j),(1.0440994388513172+0.022937159888969844j),(-0.0412514042914243+0.0052454881352701j),(-0.044870166045902+0.0090872571528701j),(-0.0537588759233745+0.0046994804048749j),(-0.0428464881126355+0.0003247014865713j),(-0.0425869303765006+0.0002513990253842j),(0.9990897040240869-0.04265868391151281j),(1.0295564610627994+0.0154720678632099j),(1.0308334302022648+0.0165113084621818j),(1.0495910666417836+0.0293768959911105j),(1.0435805701535505+0.0274652806732094j),(1.0255423087135451+0.0155127005154402j)
(0.9967727949586564+0j),(1.0245922280920674+0.02123574491561189j),(1.049167831761297+0.0411539134226872j),(1.025083213789502+0.02021310207607631j),(1.0261179525702728+0.019484005235948357j),(1.0429373402097926+0.030550492119818903j),(-0.0510858347513184+0.011836140767465j),(-0.0539174037596067+0.0206281649200807j),(-0.0386408471336191+0.0118436655296832j),(-0.0506807242218941+0.0003094163169347j),(-0.0511828742993174+0.000229125895736j),(0.9988863981473312-0.04718011865448749j),(1.0259715039377795+0.0193256103823433j),(1.0251735681043295+0.0200610787697678j),(1.0492062397679083+0.0409467311760444j),(1.0447155118516587+0.034760733587637j),(1.0240777153999447+0.0213341412617783j)
(0.9977755171785103+0j),(1.0251961159337646+0.02018608345821401j),(1.0494108980430896+0.03887033824556137j),(1.027481380242287+0.02001166132507749j),(1.0274430099440637+0.01891806907996308j),(1.0433863700839525+0.029159803772736997j),(-0.0494852448737624+0.0106399966948747j),(-0.0510679066096653+0.0184387955371427j),(-0.048193795869839+0.0100655688353517j),(-0.0478286250859003+0.0004174916447351j),(-0.0489035520633946+0.0003410714996012j),(0.9988935741234615-0.047027944616543554j),(1.0273087805916032+0.0187476102625871j),(1.027602963211099+0.0197994142248442j),(1.049294855184245+0.0385938040317106j),(1.0446448598138418+0.0338643264150827j),(1.024644291794978+0.0203240400168477j)
(0.9972556972291352+0j),(1.0250515646952936+0.020658074239150143j),(1.0492745333145177+0.039825122574595855j),(1.0245067538627528+0.019233793788537974j),(1.0259499211479814+0.018791407020751057j),(1.0428140168908162+0.02958571869728519j),(-0.0513115585629433+0.0110470877282261j),(-0.0538024958891194+0.0192498437217542j),(-0.0334376112251956+0.0111440936774487j),(-0.0508330602534283+0.0002910624334743j),(-0.0504817424570373+0.000232390528539j),(0.998939278570458-0.04604690792152097j),(1.0257229764326146+0.0186416145470248j),(1.0244945100051106+0.0190952161550533j),(1.049256561913258+0.0396273765098033j),(1.0443979459085182+0.033484664805601j),(1.024476581764165+0.0207506139126036j)
(0.9927491360834378+0j),(1.0220969017234989+0.026348686328641412j),(1.047872298929162+0.05160961729986788j),(1.0264405369660419+0.026616330680516078j),(1.026211900885878+0.024588551126017804j),(1.0424241951875717+0.037748351447763714j),(-0.0553782400693674+0.0180478135767501j),(-0.0575521032915122+0.0312899387679177j),(-0.061852293932907+0.0177012378775505j),(-0.0557847808568758+0.0003318299216383j),(-0.0535116905692426+0.0002800187945099j),(0.998486348664767-0.05500010481900347j),(1.026768867865186+0.0243072139362444j),(1.0272910882866302+0.026307837921551j),(1.0487527339515375+0.0513197222503695j),(1.0458064050549907+0.0430522459599821j),(1.022194226935666+0.0264326327022258j)
(0.9964344292883407+0j),(1.0243319553390722+0.021847329634539416j),(1.0490874401275674+0.04240899270876611j),(1.0272687282781499+0.021815126403287657j),(1.0274495567469897+0.020595489726361327j),(1.0431465605893129+0.03148665923426047j),(-0.0508630943167251+0.0126765336661507j),(-0.0529735658675398+0.0220853526986247j),(-0.0507845500593893+0.0121901593813851j),(-0.0523870858406636+0.0002930005184387j),(-0.0496714105887921+0.0002309100226412j),(0.998782466823884-0.0493313689775276j),(1.0274304230587492+0.0204218752688738j),(1.0274699331282136+0.0216258001193741j),(1.0491555723371864+0.0422341534277472j),(1.044980888942812+0.0364546607354082j),(1.0238839795982906+0.0219795052420556j)
(0.9944744451308282+0j),(1.0231617728038747+0.024230996928047543j),(1.0484518692701699+0.04726268977107074j),(1.026929109348695+0.024457472191476558j),(1.0269374655490053+0.02281626575652314j),(1.042811637485066+0.03483641647296895j),(-0.0532382152969567+0.0154872735956587j),(-0.0551779341816129+0.0268802739579357j),(-0.0568428015999874+0.0153141132074192j),(-0.0549270161908302+0.0003569057547421j),(-0.0517098807928106+0.0002855001606018j),(0.998622321437694-0.05247341351952256j),(1.0272302053149847+0.022580699827009j),(1.0274795152803402+0.024183683084889j),(1.0489537082113969+0.0470081846651851j),(1.0454631856795726+0.0400529120563007j),(1.0229972006622867+0.0243449997006618j)
(0.994558443467798+0j),(1.023421723361061+0.024009288125592373j),(1.0484124145279936+0.0466899047124909j),(1.0231379154296467+0.022281614889189186j),(1.0249789681317023+0.021661638781689967j),(1.0423780552898165+0.034232615089680805j),(-0.0547031525817534+0.0151125669195123j),(-0.0573982172044147+0.0262397631214511j),(-0.0353806337462169+0.0148155167625897j),(-0.0562514031417861+0.0003337135107738j),(-0.0543693463250497+0.0002719670737122j),(0.9987558730662331-0.049866882955587756j),(1.0250984202494298+0.0214400028901617j),(1.0234997441291749+0.0220651372636875j),(1.04898015024381+0.0464107897556594j),(1.0453321469174235+0.0382693807263941j),(1.0231814290687897+0.0240663624050542j)
(0.9946171680043122+0j),(1.023572950237543+0.02401845674517494j),(1.0484512467522136+0.046600409602515304j),(1.023767493129339+0.022556938400102332j),(1.0252877154137379+0.02176071309957985j),(1.0425072980415242+0.0342251889042449j),(-0.0548702711004475+0.0150619393891482j),(-0.0568514347397482+0.0261453239048149j),(-0.0387641629734535+0.0148745751218324j),(-0.0556262777789779+0.0003228299626805j),(-0.0539866581719446+0.0002540873435247j),(0.9987373970436132-0.05023556256824583j),(1.0254177505431277+0.0215443913744418j),(1.0241442785568038+0.0223463047376106j),(1.04898320712656+0.0463411943972125j),(1.0454039930882195+0.0384805306574435j),(1.023334227258695+0.0240832701312455j)
(0.997513371324483+0j),(1.0250948755500087+0.020369925840249083j),(1.0493667150749058+0.03933377467366767j),(1.0245620210934676+0.018812259697203904j),(1.0260520122943404+0.018478164749529402j),(1.0427798028891286+0.02914948820060428j),(-0.0507327402752866+0.0108446897927438j),(-0.053866548671529+0.0189239186151743j),(-0.0324272449843689+0.0103042690041862j),(-0.050814050739977+0.0002392889378184j),(-0.0498384025461574+0.0001768007604672j),(0.9989600310654146-0.04559447700967651j),(1.0257665618424376+0.0183469109004633j),(1.0244718015007217+0.0187049960948349j),(1.0492729352977725+0.0391896371639644j),(1.0442684024910174+0.0330165834247126j),(1.024473121696384+0.0204641618958958j)
(0.9928775463201418+0j),(1.0223223282918943+0.026229447604043173j),(1.0479814549790043+0.051275482798482264j),(1.0265267062360321+0.02653500725406136j),(1.0262121032257514+0.024438245420867706j),(1.0426494593927225+0.037579945385254804j),(-0.0555572953324845+0.0177982778770537j),(-0.057130864077434+0.0309096970872868j),(-0.0621125019058597+0.0178544105677042j),(-0.0547595083038644+0.0002462071102315j),(-0.0540720371005857+0.0001800972331811j),(0.9984921073839924-0.0548954596653841j),(1.026713101679279+0.0241878518379006j),(1.0273286604053382+0.026294345355059j),(1.048765137469429+0.0510641127053761j),(1.0459035227786324+0.0428458065146016j),(1.0223747867656199+0.0263107615824946j)
(0.9949496257136118+0j),(1.0243387011463478+0.023781954615239066j),(1.0485238438216657+0.045670652934696306j),(1.0222494883855233+0.02127725860594639j),(1.0244564896046344+0.02090771359597169j),(1.0423699596841212+0.033490910690702515j),(-0.056830425282518+0.0145027257724107j),(-0.0573674999847341+0.0252161653791342j),(-0.0294417688811497+0.0142192558451125j),(-0.0548921862275746+0.0002693972602692j),(-0.0545039932372347+0.0002081375316002j),(0.998806035428433-0.04885185351382116j),(1.0244778306189484+0.0207155019183171j),(1.0225143543338542+0.0211261794843136j),(1.0490223054264975+0.0454424007083652j),(1.045173908036454+0.0371336243652777j),(1.0240481695555779+0.0238204146676627j)
(0.9957642059146047+0j),(1.0248184654622652+0.02274676157737197j),(1.0488646933125025+0.04363062645375599j),(1.022681310727211+0.020400902317661822j),(1.0248096537888678+0.02007060386229798j),(1.042464525090318+0.0320476923485123j),(-0.0557377156771922+0.0132424428435287j),(-0.0565849061620429+0.0231365934568383j),(-0.0288537396974251+0.0133564558579163j),(-0.0536250383523972+0.0001538352945317j),(-0.052884513145898+7.78059151936e-05j),(0.9988603327691572-0.0477287714097967j),(1.0246684205790282+0.0199313228999907j),(1.0227524867268298+0.0203340288439203j),(1.049102894155837+0.0435303751074079j),(1.0448120058723347+0.0356864173899397j),(1.0243800800670206+0.0227957481596544j)
(0.994311334718145+0j),(1.0232624868500766+0.024580179574597905j),(1.0484740768467207+0.047857707301697285j),(1.0265999126647094+0.024536164377025924j),(1.0274714510119163+0.023243417614509966j),(1.0428019137396194+0.03517495398942111j),(-0.0541207827827624+0.0158499771280044j),(-0.0555548613992376+0.0275802771450088j),(-0.0523065398444855+0.0158574256077697j),(-0.0611090090295605-0.0001595474807516j),(-0.0513670563110481+0.0001873791894814j),(0.9985958567875571-0.05297466193119804j),(1.0276658729936186+0.023012814599764j),(1.0269186979297968+0.0244147208034822j),(1.048916733391528+0.0478304247496783j),(1.0456277908407334+0.0403250400333848j),(1.0229983474459199+0.0246899348354126j)
(0.9943673403259474+0j),(1.0240364391684245+0.024523498182083877j),(1.048627792135169+0.04727016902964521j),(1.024368075621999+0.023268363335504964j),(1.0228820083091348+0.020841243257037317j),(1.042382362407503+0.03457033697618287j),(-0.0574792682528119+0.0153258368508075j),(-0.0585115681199171+0.0266242013699976j),(-0.0556029971046376+0.0153299534787055j),(-0.0330505011988125+0.0002397448692749j),(-0.0545559051334239+0.0002397663075343j),(0.9987447922046524-0.050088322432337046j),(1.0230683963660725+0.0206640638903324j),(1.025038823637638+0.0231975577424058j),(1.0489568506698281+0.0469368410291275j),(1.0451015505077363+0.039299086672918j),(1.0239416202528286+0.0245418591150661j)
(0.9940431677392644+0j),(1.0237015987715337+0.0249219630392334j),(1.048482577974091+0.0481700827727977j),(1.0246900985479357+0.02390080434806955j),(1.0237138275936613+0.02167570193991978j),(1.0426359546021162+0.03531257712408401j),(-0.057072792563274+0.0158689882970112j),(-0.0578454986340336+0.0276220607329417j),(-0.0551655187461587+0.0158836498354109j),(-0.0391560362024607+0.0002117783956782j),(-0.0553989068776628+0.0002130496817555j),(0.9986905256801075-0.05115890847927169j),(1.023949244932665+0.0214839782488158j),(1.0253644087896583+0.0238071043728656j),(1.0489145064311558+0.0478793705318837j),(1.0454989547053293+0.0400781797519886j),(1.023619846249262+0.0249535709979166j)
(0.9960905291309384+0j),(1.0248808266151395+0.02250042783429311j),(1.049064483597635+0.04320460016623587j),(1.0264601091570633+0.02195498858845963j),(1.0262018759048523+0.020403220668432386j),(1.043011214736681+0.03198044543113253j),(-0.0540993256938424+0.013021711969153j),(-0.0541483051319569+0.0227497189928455j),(-0.0513383522631397+0.013042924251001j),(-0.0463931030701947+0.0001394354965199j),(-0.0506380958417337+0.0001986384341727j),(0.9987806452329243-0.049368235821257406j),(1.0261769768504767+0.0202411058296603j),(1.0267142161597729+0.0218600475881483j),(1.0491225483038278+0.0430508054459281j),(1.0449934752817887+0.0368831804677659j),(1.0244864133292064+0.0225975565933755j)
(0.996150446411067+0j),(1.0249717135822922+0.022501744921962052j),(1.0490140649729545+0.0431002425192604j),(1.026921069225604+0.02212798519302404j),(1.0270821349480044+0.020801339851963543j),(1.0431327463924038+0.03198925886506182j),(-0.0540439643627001+0.0130020281916049j),(-0.0532229384346175+0.0226941796510968j),(-0.0507025182063011+0.0130240932533323j),(-0.0514703913066815+0.0001985945698498j),(-0.0500461322685945+0.0001895220916349j),(0.9987541578388712-0.04990122442953773j),(1.027081244691727+0.0206333836000885j),(1.027150136889266+0.0219853517620096j),(1.0491260044656507+0.0429662435324921j),(1.045122227026028+0.0369665699490645j),(1.0245686591379408+0.0226169079821885j)
(1.0011805916840268+0j),(1.0272901426481775+0.016127944340368263j),(1.050259199613052+0.03037088902096385j),(1.0300052369074+0.016599973144836095j),(1.0307345702079918+0.01632214195104653j),(1.0438285058959011+0.023431190206722723j),(-0.0452772243411178+0.0057171282485655j),(-0.0453355477719691+0.0099190776277389j),(-0.0428205181862714+0.0057129038052517j),(-0.0547277348280916-3.32781441593e-05j),(-0.0413568550144115+0.0002044390020574j),(0.9990531797276755-0.043505678664065586j),(1.0301913577315305+0.0162185877901299j),(1.0294677386617934+0.0165215575544309j),(1.0495626185231661+0.0303835021172413j),(1.0436369678951487+0.0278023480410032j),(1.026287932621318+0.0163142860375596j)
(1.0043928742072046+0j),(1.0290194013475777+0.011589300738373j),(1.0506841372583395+0.021021517098025796j),(1.0283509052426565+0.011030919315634451j),(1.0265161420195232+0.010039284009513738j),(1.0431175539822655+0.016779541635977068j),(-0.0422575028646577+0.0002397994698522j),(-0.0443049568534403+0.0002434825440769j),(-0.0399534610142306+0.0002430064571092j),(-0.01972990219316+3.32871177472e-05j),(-0.039752682667958+0.0001732546208207j),(0.9993954648931183-0.03476643138241384j),(1.0257240520323772+0.0099898180675405j),(1.0278485871668577+0.0111375196400545j),(1.04947155859752+0.0208514722383377j),(1.0415633939574818+0.0197955440612511j),(1.0279679941306439+0.0116705456125683j)
(1.0028754645934075+0j),(1.0283542075426184+0.013742789548500325j),(1.0507535002593003+0.025482834341308436j),(1.0286772924079515+0.013418773879231925j),(1.027441126824685+0.012461791723762614j),(1.0436919383131618+0.01993406592358765j),(-0.0441179024490069+0.0027407126898394j),(-0.0455974983721774+0.0047487071962372j),(-0.0423020420243416+0.0027546749675202j),(-0.0290354779723091+6.00849580286e-05j),(-0.0423606752656812+0.0001242304365286j),(0.9992661421272399-0.03830374913951492j),(1.0267267947068308+0.0124180509890901j),(1.0282210357579413+0.013494681967807j),(1.049694281099327+0.0253810114147298j),(1.0427187011889163+0.0235233578677262j),(1.0273387240833964+0.0138540785537859j)
(1.0020223979741107+0j),(1.027989372347268+0.015058712787125401j),(1.0506066205165252+0.028092990324388004j),(1.0293887475142924+0.015048400297410268j),(1.028995717215355+0.014323499937504591j),(1.0439294230374905+0.02179865724636186j),(-0.0452012267594103+0.0043150810582574j),(-0.0455211114466349+0.0075448787357469j),(-0.0432518677980531+0.0043294904411707j),(-0.0405281215440309-0.0002409961272659j),(-0.0424055495367394+0.0001296631856749j),(0.9991595174307596-0.040990959095044896j),(1.028301655311157+0.0142592507024527j),(1.028819579779908+0.0151478418010442j),(1.049624827409599+0.0281318767774353j),(1.0433051004378189+0.0258019907561001j),(1.026931466720125+0.0152017982625657j)
(1.0036930971682536+0j),(1.028460767554033+0.012721055624774574j),(1.050813255162138+0.023574459582445726j),(1.0302850161795047+0.013121669969494822j),(1.029956730400389+0.012732103286864183j),(1.0441248600417516+0.018825624424461434j),(-0.0413079978425767+0.0016916131868529j),(-0.0424881013146838+0.0029617391480824j),(-0.0408445061945814+0.0017236089863902j),(-0.0403941679053215+4.54099691629e-05j),(-0.0402708933888645+8.24027635836e-05j),(0.9992572233886285-0.03853571727175206j),(1.0291951883892672+0.0126924523589751j),(1.0296410566941268+0.0131387560920112j),(1.0497365342360234+0.0235503141028015j),(1.0428204844730984+0.0223279590870071j),(1.0273236860524924+0.0128709316540361j)
(0.9986690535082611+0j),(1.02607868632874+0.019225989181208887j),(1.0497835847927146+0.036721171756248894j),(1.0280746480354073+0.01914634320396335j),(1.0279914426598606+0.018090847413569033j),(1.043847187823788+0.027747018875054513j),(-0.0492771894241388+0.0092518674153937j),(-0.0494353377510886+0.0163093118172415j),(-0.0475279914974862+0.0092926749279611j),(-0.0468165530932427+0.0001820816816478j),(-0.0483242892478596+6.75408783953e-05j),(0.9989360169479011-0.046117610999081945j),(1.027660506841894+0.0180046163938209j),(1.0279670874857436+0.0190997061575003j),(1.0493632163741629+0.0366748416336547j),(1.044622964280768+0.0323412363992073j),(1.0253574153514509+0.0193658779437651j)
(1.001009522847653+0j),(1.0273354234223753+0.016383162034802057j),(1.0503192120170575+0.030857046611559677j),(1.0297515268384825+0.016708895099484183j),(1.0300175571018038+0.016164926368746207j),(1.044427566215661+0.02391436560234658j),(-0.0456369767244098+0.0059176278435147j),(-0.0449854351036277+0.0104643987018869j),(-0.0441165429503324+0.0059575146852074j),(-0.0496578012437531-5.85819933268e-05j),(-0.0449855711328261+6.36673721933e-05j),(0.9990535194397279-0.04349787690328555j),(1.029449257875639+0.0161001132388054j),(1.029286143442278+0.0167264735294098j),(1.0495472951675489+0.0309140351611498j),(1.0441976295979556+0.0281408475899308j),(1.026340782542842+0.0165528931281897j)
(1.0028463087966095+0j),(1.0285291258201241+0.013889449791239194j),(1.0507249330009802+0.025608235397316558j),(1.0289828680482107+0.013639847763999426j),(1.027608608708721+0.012607999289093515j),(1.0441733536271498+0.020218469794896308j),(-0.0444606126024401+0.0027889200619001j),(-0.0444538501633901+0.0048994282622851j),(-0.0436826727737684+0.0028389921058387j),(-0.0286723661645884+0.000121774531468j),(-0.0442272233853254+0.0001275591831223j),(0.9992509703182733-0.03869752340898931j),(1.0269286857220468+0.0125620966473483j),(1.0286011407848978+0.013708472740826j),(1.0496920824458347+0.0254733474230823j),(1.0431768328638322+0.0237708083912955j),(1.027534816545621+0.0140045884146008j)
(1.001422789699025+0j),(1.0282039230627646+0.0157989319348437j),(1.050505432287947+0.029237487765716292j),(1.0278222486175597+0.01506752470797158j),(1.0256924885343257+0.013443405750050342j),(1.0440834812476263+0.022648472222200438j),(-0.048093075031522+0.0048165109532443j),(-0.0471222843784757+0.0085034871016481j),(-0.0475189555824177+0.0048823641399297j),(-0.0215381479589144+0.0002455903394825j),(-0.0477567728861083+0.0001092764307759j),(0.9991939058586344-0.04014397208755544j),(1.0251392689008538+0.0134040608915125j),(1.0277080113518737+0.0151578322525159j),(1.0496004018719396+0.0290376261421088j),(1.0436398436171932+0.0264711448577064j),(1.0273783790379032+0.01588850033083j)
(0.9974594866667051+0j),(1.0254603460159166+0.02090276358697122j),(1.0494303806221388+0.04000561844111938j),(1.028590642922608+0.02115698811041664j),(1.028867525765608+0.02005283723826189j),(1.0443614268201022+0.03026372860447131j),(-0.0505058792902049+0.011236074455712j),(-0.0490126491760064+0.019725763787395j),(-0.0509576308817895+0.0112961314693126j),(-0.0542859792926079-2.45074589432e-05j),(-0.0512433606093173+0.0001133855034175j),(0.998796794547201-0.049040424164521854j),(1.0287067340833265+0.0199168441621557j),(1.0286122345381277+0.0211140668961778j),(1.049242344226732+0.0400057196549588j),(1.0456117666422657+0.0351125412932097j),(1.024838410009393+0.0210565809649864j)
(0.9978506991779296+0j),(1.0263457002185186+0.020461632432761775j),(1.0496338801897411+0.03866441333377939j),(1.0269371094304638+0.019714538644718255j),(1.0255414928030586+0.01786841934461519j),(1.0439199264464645+0.029127842024277983j),(-0.0530693548748983+0.0103334254801822j),(-0.0510971584040037+0.0181186821287945j),(-0.0520814769291888+0.0103671699116545j),(-0.0333292311255295+0.0002051502662391j),(-0.0523609061069366+0.0001424440184096j),(0.9989261271845851-0.04633133311276648j),(1.0253269173909392+0.0177695682340931j),(1.0271443986723137+0.0197298159867483j),(1.0492990989065616+0.0384773559416531j),(1.0449877398120013+0.0336665366147022j),(1.0258114599920767+0.0205509775172606j)
(0.9967172118798296+0j),(1.0254902679064892+0.0219921571932105j),(1.0493268661055368+0.04189979743635702j),(1.0280118701102836+0.021925874158818352j),(1.0280529068524393+0.020598186021645103j),(1.0438866689646216+0.03129039961588465j),(-0.0533976809079124+0.0123792902654115j),(-0.0512270741556928+0.0216689919157335j),(-0.0526677670998268+0.0124155651706511j),(-0.0523857365762811+0.0001774793061035j),(-0.050525735208504-0.0002793672362976j),(0.9987520810993475-0.04994277224706532j),(1.0278955944479744+0.0205624590796313j),(1.0280782584484673+0.0219273769053062j),(1.0491623875304696+0.0420622802784652j),(1.0454872409394058+0.036331660024997j),(1.0249480559854278+0.0221221635324615j)
(0.9990850415104139+0j),(1.0270393554406838+0.019095987335199002j),(1.0497453541569062+0.03579875985153101j),(1.0292206244785105+0.01921203362672867j),(1.0290616905373497+0.018167812574611628j),(1.0431789302707912+0.026975163601062623j),(-0.051620016042528+0.008737783593274j),(-0.0490441547911964+0.0153412119984935j),(-0.0510483034878556+0.0087642025747786j),(-0.0500296980106316+0.0001631851315909j),(-0.0425186592526237+0.0003185994795695j),(0.9989131643084376-0.04660997931027748j),(1.0287967221741634+0.0180155919744265j),(1.0290793862844305+0.0190502079749482j),(1.0493976410931933+0.0356686319337416j),(1.0439219782851303+0.0320400186312914j),(1.0263479976069143+0.0192612213527719j)
(0.9972925737352849+0j),(1.02569114313662+0.02119666842446454j),(1.0493416940020266+0.04025976201385534j),(1.0280214458810568+0.021099414228223985j),(1.028031343569704+0.019868107741873038j),(1.0448890310281114+0.03067770133818807j),(-0.0516215525489496+0.0113957968024769j),(-0.0482709251713997+0.0199260487111845j),(-0.0502899751548881+0.0114431369729086j),(-0.0499215980016426+0.0002512893813062j),(-0.0551114661058889+7.23846823591e-05j),(0.9988032097111641-0.048909592828773815j),(1.0279291267738744+0.0197485974316981j),(1.028230445574587+0.0210312002597248j),(1.0492364050788916+0.0401617802728515j),(1.0461888879564494+0.0352657750229581j),(1.0251541728372089+0.0213327933413009j)
(0.9949411054415329+0j),(1.0246175218495432+0.02424755301941072j),(1.0486550714975666+0.04624087197104618j),(1.0271484774774844+0.023984278672887556j),(1.0272525001603028+0.02242862118455713j),(1.0443470207888708+0.03463802230005796j),(-0.0558338452271958+0.0149233972680499j),(-0.051676361183059+0.026001014618617j),(-0.054490536436631+0.0149455141762592j),(-0.0537970815455166+0.0002852652855265j),(-0.0569667085208013-8.0035262981e-05j),(0.9986183548137837-0.05254884802744987j),(1.0274304846598172+0.0222967322645366j),(1.027655265439594+0.0238903977654308j),(1.0489893316540604+0.0462013981914601j),(1.0467236215503937+0.0395578030081626j),(1.0243735942592156+0.0243520254841712j)
(0.9990556084105814+0j),(1.027088962069255+0.01920739526202001j),(1.049803993640406+0.03593077426303421j),(1.0294703404379193+0.01939507596569919j),(1.0293289871122802+0.01835422923801263j),(1.0437473145644272+0.027212231190218414j),(-0.0514745790218321+0.0088833158646668j),(-0.0480410950231256+0.0155587121732418j),(-0.0514570264967253+0.0088978023630183j),(-0.0506960992916173+0.0002575231709829j),(-0.0445716405491465+3.40908985545e-05j),(0.9988958571111265-0.04697942790443405j),(1.0290250156051777+0.0182767470563451j),(1.0293226847392392+0.0192928194500776j),(1.049388640244616+0.035933488852966j),(1.0444281915843912+0.0322161971992634j),(1.0263695739997796+0.0193739162628929j)
(0.9973346900471509+0j),(1.0254445382996906+0.02106772538877684j),(1.0494520618795096+0.040224442348668385j),(1.0281275441344595+0.021078279088480492j),(1.028204929239546+0.019880676751476197j),(1.045586579624158+0.030823491188117898j),(-0.0501379272716715+0.0114085487907755j),(-0.0472489015739854+0.0200029399115729j),(-0.049660717863628+0.0114198238051778j),(-0.0501318252841877+0.0002032806303783j),(-0.0580902621894083-0.0001770487250021j),(0.9988036711404866-0.04890016887789576j),(1.0280302033466995+0.0198261385525382j),(1.0282914570124324+0.0211124704992469j),(1.0492322929711706+0.0402698189338097j),(1.0467599852222076+0.0352210518076287j),(1.024840944383217+0.0212034381302801j)
(0.99699792338389+0j),(1.0254410605217668+0.02157491430421369j),(1.0493620520675928+0.04111759240930572j),(1.0281183185789136+0.021563761992522888j),(1.0281778094378657+0.020301521850996516j),(1.0451614271648806+0.031276686325703795j),(-0.0514817055399379+0.0119424449902906j),(-0.0483408914248801+0.0209045464681212j),(-0.0510706746414334+0.0119440170219177j),(-0.051157105764707+0.00022096666393j),(-0.0563714967863679-0.0002150975346545j),(0.9987717079015386-0.049548718403644644j),(1.0280368443463117+0.0202510214851244j),(1.028291152286003+0.0215808472430329j),(1.0491966564557487+0.0411936439457148j),(1.0465247135651319+0.0358925573115252j),(1.0248805937109842+0.0217087540992494j)
(0.9953461817777467+0j),(1.0252813912520862+0.023973528818614358j),(1.048795034434577+0.045458674232394435j),(1.028012468919219+0.02390045634655386j),(1.0280772676135046+0.02236487621890248j),(1.0429033453612884+0.033491077955624185j),(-0.0576881418067283+0.01443309742981j),(-0.0536922492690063+0.0252521395594277j),(-0.057516866495078+0.0144323734227627j),(-0.0569045870348164+0.0001686500448155j),(-0.0475890939094921-9.94415636529e-05j),(0.9986140964441268-0.05262971007976652j),(1.0281811707433766+0.0222445501547074j),(1.0282809315276713+0.0237787793438005j),(1.0490180045848738+0.0455421256436663j),(1.0452273745178737+0.0390397298657889j),(1.0249778111675834+0.024097650830087j)
(0.997181778844821+0j),(1.0266667854024865+0.0218690769351314j),(1.0493271818273169+0.04093065059253332j),(1.0291194754298996+0.0219089072700906j),(1.0291190745069418+0.02062113297345003j),(1.0426970180519155+0.03024020306827387j),(-0.0566821347474608+0.0117791649107221j),(-0.0518987162044867+0.0206967835900093j),(-0.0561285433622725+0.0117819530053099j),(-0.0560683764458281+0.0001556193590778j),(-0.0419605825330377-9.03271957705e-05j),(0.9987307185395524-0.050368163014640005j),(1.0289961086379034+0.0205387855163657j),(1.0290786093153148+0.0217963991961639j),(1.0492015528237666+0.0410678193220498j),(1.0442809942629214+0.0359036300986792j),(1.0261440427331396+0.0220244206207762j)
(0.9961477346560084+0j),(1.0267614580402116+0.023454368458965022j),(1.0489307604245046+0.04368956127272185j),(1.02901696854065+0.02335887891123251j),(1.0290588560468295+0.021912720887825674j),(1.0411073338650243+0.03161409669231491j),(-0.0613791787915149+0.0133083233201061j),(-0.0554433907152329+0.0234621703850556j),(-0.0599901267116664+0.0133228299910458j),(-0.059965861219131+2.0883023645e-05j),(-0.0356619140573889+0.0001075671451156j),(0.9986285481414845-0.05235477854819711j),(1.0291146086999905+0.0217518079563213j),(1.029037084019741+0.0231501277809883j),(1.0490920370532624+0.0437937687016423j),(1.0433341196847332+0.0378636885966436j),(1.0264193501899994+0.0236040022522124j)
(0.9955178199169861+0j),(1.0259290711328037+0.024049786130464736j),(1.0487858569745605+0.045141895007646524j),(1.028097569623899+0.023714458955971j),(1.028255696588005+0.02223650628442736j),(1.043637628901174+0.03359370375925301j),(-0.0589400063069814+0.0141933848813426j),(-0.0518088297697281+0.0250025102029656j),(-0.0562179831177346+0.0141802490421205j),(-0.0567793128051164-3.79083066864e-05j),(-0.0504788059338497+5.69394907804e-05j),(0.9986076708012298-0.0527514911347793j),(1.028377814161441+0.0220706067228423j),(1.02840042807779+0.0236354303788528j),(1.0490336903621653+0.0451791228087751j),(1.0458882065846178+0.0389799464357478j),(1.0256250680081134+0.024172126808091j)
(1.0007310847243163+0j),(1.0297105458107572+0.017960310676940008j),(1.050305403255473+0.032189837837831727j),(1.0310763851025793+0.017957971376815676j),(1.0308944506556736+0.017097917706028858j),(1.0417552839597826+0.023716774191321933j),(-0.0564975915581975+0.0067035292649383j),(-0.0495429410066078+0.0119594421652919j),(-0.0535414211225053+0.006670745073595j),(-0.0536426297714094-7.47653337856e-05j),(-0.0286433708259154-0.0003387876296089j),(0.99894538711741-0.045914197769838655j),(1.030298171911429+0.0171415727784896j),(1.0303564776647327+0.0179732286725538j),(1.049496037899154+0.0326211869587363j),(1.0420444817842933+0.0295099952260398j),(1.0287916455232005+0.0181467095772868j)
(0.996274152027181+0j),(1.0264352578854854+0.023149113755457803j),(1.0489498931651962+0.043247951966045375j),(1.0285243147589431+0.022868809543542094j),(1.0286138655946582+0.021472948123984866j),(1.0436207618140272+0.032324229804801236j),(-0.0582632896205759+0.0130535207108738j),(-0.0507838560745544+0.0230527845940742j),(-0.0556792647217767+0.0130203370241407j),(-0.0559101373215738-0.0001021840469834j),(-0.0488117746229046+0.0002879483694354j),(0.9986601617920382-0.0517482487578096j),(1.0286922400070293+0.0212612903544425j),(1.0287571584223105+0.0227541283720668j),(1.0491172257237529+0.0431844165042086j),(1.0455660999007808+0.0377134614067984j),(1.0260657541326164+0.0232865539241268j)
(0.9981897283870537+0j),(1.0276961128038726+0.02087853605369538j),(1.0495684179871911+0.0385100629538366j),(1.0296007843877786+0.02073609083874351j),(1.029540999105468+0.019553180541705184j),(1.043798734780876+0.02900581310723224j),(-0.0563316307736161+0.0103172040445224j),(-0.0485129529476801+0.0183252411794299j),(-0.0540469443114265+0.0102790532759974j),(-0.0536865595532061-0.0001245017505072j),(-0.0449704323309947+9.21274451369e-05j),(0.9987874251599504-0.049230877936071074j),(1.0293333231204789+0.0194337448838708j),(1.02949831844067+0.0207075830365678j),(1.0492947928576501+0.0385981570002066j),(1.0449001594377236+0.0343261768539397j),(1.0270678564049551+0.0210393203993805j)
(0.9972708819355387+0j),(1.0260612475058122+0.02151861919882233j),(1.0493280513616017+0.04055529954651553j),(1.0283096173440283+0.021272485292750335j),(1.0283535183389176+0.020021021783796042j),(1.0469287594444932+0.03165418276569215j),(-0.0516317935887061+0.0115217370731291j),(-0.044226328365217+0.0204367551493257j),(-0.0495060866036313+0.0114805526845412j),(-0.0492893102360741-0.000126353040443j),(-0.0643071168257324+0.0001236857057699j),(0.9987701946670202-0.04957921182111026j),(1.0282778019354228+0.0198727498995853j),(1.0286312127542496+0.02136379341347j),(1.0492244478233033+0.0404788589605596j),(1.0480823016467344+0.0357294718187228j),(1.0255075205331847+0.0216510040889328j)
(1.0049336281242645+0j),(1.0313113361950403+0.01231845309673286j),(1.0510757046169823+0.02099088257641838j),(1.0322616806940201+0.012523196977434104j),(1.031832252187133+0.012219095185314237j),(1.043782938553404+0.016831796951466832j),(-0.047402477051798+0.0002512482262149j),(-0.0405429851193487+0.0005981706618833j),(-0.0444700776384252+0.0001880145699717j),(-0.0438610136142039-0.0001654243410437j),(-0.0321947063944532-0.00033673845144j),(0.9992417244361623-0.03893553834024571j),(1.0309146875577846+0.0122903083782983j),(1.031307979523101+0.0126617228774255j),(1.0497837405544144+0.0213185741410058j),(1.042215599781574+0.0207760919692639j),(1.0300707046370448+0.0124850412263699j)
(1.001732165300421+0j),(1.0288738668733386+0.016056091758315204j),(1.0505819435024675+0.029281558776555163j),(1.0304073365105664+0.01606309010024804j),(1.030070539223633+0.015307893779964383j),(1.0452123046925372+0.023006392865323157j),(-0.0482189063727509+0.0049983078434422j),(-0.0427938682174677+0.0090360445762855j),(-0.0462164779666854+0.004922185293214j),(-0.0443006821538103-0.0001673305526858j),(-0.046215658210112-0.000245014093424j),(0.9990722389881015-0.04306577856374935j),(1.029383159253692+0.015332790678358j),(1.0298822240049204+0.0162454593675493j),(1.0495872667104635+0.0295160073338077j),(1.0446423565986505+0.0271200918095287j),(1.027816667682698+0.0162142257448574j)
(1.0010218145085574+0j),(1.0282854713786322+0.01689878582957425j),(1.050493959245846+0.031216292456033325j),(1.0304378170988724+0.01708720384461144j),(1.0300679409303064+0.016188547348870347j),(1.045273733978206+0.024317627624967874j),(-0.0483345593752037+0.0061118483639087j),(-0.0436756968171404+0.0110485617768995j),(-0.0485938795911481+0.0060429768035456j),(-0.0458101295521592-0.0002317034779855j),(-0.0473429150563304-0.0003147462356933j),(0.9990180070583308-0.044305999291302696j),(1.0294159584196299+0.0162234213300582j),(1.0299476958508373+0.0173002834869605j),(1.0495296298712842+0.0315158424914095j),(1.0449398142633617+0.028662863915308j),(1.0272532425262684+0.0170599673337484j)
(0.9989655240667438+0j),(1.026895434626813+0.019372930259192j),(1.0500666813739388+0.036533469912949194j),(1.0295767979668966+0.01954384927875408j),(1.029233853775822+0.01832731928468109j),(1.0450279188893568+0.027868763380291952j),(-0.0502410425139322+0.0091978423005966j),(-0.0468779712714442+0.0164499779080367j),(-0.0519778243577554+0.009108646634121j),(-0.0481088349496301-0.000277410682885j),(-0.0502851223762177-0.0003472673152259j),(0.9988853208345804-0.0472029217442882j),(1.0287571391508847+0.0183432270327102j),(1.0292905763983549+0.019760443534244j),(1.0493567775567374+0.0368625009292251j),(1.0455073447348664+0.0326059766105626j),(1.026032156454929+0.0195232304330286j)
(1.0052150285494317+0j),(1.0301788999736996+0.011359410358286713j),(1.0512208795152636+0.02006311495819052j),(1.0318978808542705+0.01183469522981826j),(1.0311666808607833+0.011427646950088579j),(1.045215381376238+0.016665581319570473j),(-0.0416541543776311-0.0003166878156426j),(-0.0383898456188801-0.000319308474626j),(-0.0427038960787908-0.0003857072577888j),(-0.0380106679664704-0.0003055357053824j),(-0.0403354913275533-0.0003548116040983j),(0.9992974103831086-0.03747913555050371j),(1.0301938866984597+0.0115017295711069j),(1.0310228897959404+0.0120989522937167j),(1.0497889722594846+0.0203517222832404j),(1.0432479788873028+0.0198149212657536j),(1.0288665096345997+0.0115022239262455j)
