iteration,mean_mag_mae,worst_mag_max,mean_ang_mae,worst_ang_max,worst_bus
20,0.006997565749746362,0.012428990314383048,0.0016661119152803574,0.0052520629641792035,53
120,0.0017734766925349866,0.004053588050397572,0.001795062817653539,0.006423032082447159,64
220,0.0016080778997226933,0.003864794076102074,0.0010570285132729669,0.0060584249318902245,61
320,0.0013842388754875,0.004958920163197211,0.0008782619690551396,0.00520355800457508,64
420,0.0008021341641987602,0.002204816581625302,0.0006637430409428284,0.005132881025293485,61
520,0.0008058846200248704,0.00204799900213537,0.0007652527124898539,0.005707064411788736,61
620,0.000808719262345496,0.002127895413243319,0.0007776580211764406,0.005678736239518627,61
720,0.0008211075160721859,0.0021376694812087482,0.0007714133762307728,0.005672608040352915,61
820,0.0008279771764526931,0.002144896722843459,0.0007627836571208246,0.005658589041887804,61
920,0.0008361043406946479,0.0021563238638970805,0.0007617207031803169,0.005657560813789708,61
1020,0.0008429073982814735,0.002163493367211,0.0007590205276347855,0.005655386920290748,61
