target_voltage,input_power,dP_unit_sigma,dQ_unit_sigma,dP_unit_margin,dQ_unit_margin,Z,delta_step
V64_complex,S64_complex,0.13805763173464555,0.06409528016827291,0.41417289520393663,0.19228584050481873,3.0,0.001
V64_complex,S57_complex,0.09211075917357554,0.066129383266027,0.27633227752072664,0.198388149798081,3.0,0.001
V64_complex,S55_complex,0.03889089470743668,0.05403312462839254,0.11667268412231005,0.16209937388517762,3.0,0.001
V64_complex,S53_complex,0.0,0.0,0.0,0.0,3.0,0.001
V64_complex,S61_complex,0.0,0.0,0.0,0.0,3.0,0.001
V57_complex,S64_complex,0.0,0.0,0.0,0.0,3.0,0.001
V57_complex,S57_complex,0.24450910525236413,0.1340118309582945,0.7335273157570924,0.4020354928748835,3.0,0.001
V57_complex,S55_complex,0.05838728338484027,0.06268904639926934,0.1751618501545208,0.18806713919780801,3.0,0.001
V57_complex,S53_complex,0.0,0.0,0.0,0.0,3.0,0.001
V57_complex,S61_complex,0.053978532110163985,0.04885921401851956,0.16193559633049195,0.14657764205555868,3.0,0.001
V55_complex,S64_complex,0.0,0.0,0.0,0.0,3.0,0.001
V55_complex,S57_complex,0.09746445621278954,0.08744831959389215,0.2923933686383686,0.26234495878167646,3.0,0.001
V55_complex,S55_complex,0.08492021578429348,0.07382287490437466,0.25476064735288045,0.22146862471312395,3.0,0.001
V55_complex,S53_complex,0.047631944130453116,0.015714664670130576,0.14289583239135933,0.047143994010391724,3.0,0.001
V55_complex,S61_complex,0.0,0.0,0.0,0.0,3.0,0.001
V53_complex,S64_complex,0.0,0.0,0.0,0.0,3.0,0.001
V53_complex,S57_complex,0.07992634158662465,0.0734313252655627,0.23977902475987395,0.2202939757966881,3.0,0.001
V53_complex,S55_complex,0.07992634158662501,0.0734313252655627,0.23977902475987503,0.2202939757966881,3.0,0.001
V53_complex,S53_complex,0.09944532197178085,0.07598073411531446,0.29833596591534256,0.22794220234594337,3.0,0.001
V53_complex,S61_complex,0.0,0.0,0.0,0.0,3.0,0.001
V61_complex,S64_complex,0.08891795688755615,0.06051224369801128,0.2667538706626684,0.18153673109403384,3.0,0.001
V61_complex,S57_complex,0.12489928892396172,0.07909971679746627,0.37469786677188516,0.23729915039239882,3.0,0.001
V61_complex,S55_complex,0.08891795688755615,0.0605122436980104,0.2667538706626684,0.1815367310940312,3.0,0.001
V61_complex,S53_complex,0.0,0.0,0.0,0.0,3.0,0.001
V61_complex,S61_complex,0.14401429922580142,0.07751983958638911,0.4320428976774042,0.23255951875916733,3.0,0.001
