S1_complex,S2_complex,S4_complex,S6_complex,SPV_complex,V1_complex,V3_complex,V4_complex,V5_complex,V6_complex
(-3430.4140465280001990+978.1190270229999442j),(-1264.8063497359999019-1354.7504636660000870j),(-2614.8134245870000996+576.4891187839999702j),(-2938.4023799329997928-2382.6001265260001674j),(-8000.0000000000000000-1647.3955801950000932j),(1.0172873979999999+0.0000000000000000j),(1.0615578290000001-0.0012244900000000j),(1.0589614220000001-0.0022663550000000j),(1.0478265090000001-0.0041062790000000j),(1.0610595220000001-0.0015749160000000j)
(-3228.5280118800001219-2263.6563359520000631j),(-1580.8200742579999769-1080.9848095540000941j),(-4943.0837508860004164-2323.8247255830001450j),(-4322.3855506640002204-2450.5345969619997959j),(-8000.0000000000000000-1607.2323611050001091j),(1.0213615750000000+0.0000000000000000j),(1.0820508929999999-0.0301389960000000j),(1.0792396399999999-0.0283280480000000j),(1.0642520430000000-0.0210541670000000j),(1.0836363460000000-0.0297879660000000j)
(-3955.9995493289998194+1215.6058136859999195j),(-1810.1347745460000169-1767.1552392549999695j),(-4698.9146662530001777-2211.9639151719998154j),(-2661.1931743439999991+982.3018436060000340j),(-8000.0000000000000000-1590.5726158509999095j),(1.0188432540000001+0.0000000000000000j),(1.0768461119999999-0.0044796880000000j),(1.0741450829999999-0.0061666520000000j),(1.0580640120000000-0.0025828950000000j),(1.0785151650000000-0.0073802370000000j)
(-3656.9185918080002011+284.8222650590000171j),(-2381.2678051660000165+821.8468424960000220j),(-1826.4098285259999557-2088.1254887599998256j),(-3824.9292900840000584-1106.7697796459999608j),(-8000.0000000000000000-1534.2978552459999264j),(1.0196254629999999+0.0000000000000000j),(1.0698150580000001-0.0013780810000000j),(1.0670505770000001-0.0021333830000000j),(1.0551564579999999-0.0013863050000000j),(1.0689490079999999-0.0035940520000000j)
(-4018.6904947050002193+657.9863467940000419j),(-3038.1100442460001432+577.0914895879999449j),(-4893.4936049300004015-1302.8222843949999969j),(-4633.7958379510000668-2173.2382453300001544j),(-8000.0000000000000000-1562.6963836869999795j),(1.0199641349999999+0.0000000000000000j),(1.0897422930000000+0.0007463180000000j),(1.0865481310000000-0.0001851640000000j),(1.0688637980000000-0.0010494990000000j),(1.0907287020000000-0.0005161690000000j)
(-4669.5156399620000229+870.5713388340000165j),(-2523.6375906110001779+1439.4070694259999073j),(-4267.0624158290002015+255.1536889639999970j),(-1637.6425168969999504-1587.3230270500000643j),(-8000.0000000000000000-1571.6645818100000724j),(1.0169348250000001+0.0000000000000000j),(1.0736466990000000+0.0127956990000000j),(1.0700918040000000+0.0116899030000000j),(1.0539478630000001+0.0068980750000000j),(1.0735705730000000+0.0123843220000000j)
(-4168.8397156709997944-445.1853560370000196j),(-2398.6401551409999229+196.1114008300000080j),(-2868.0325307439998141-275.2701505370000064j),(-4142.1840704320002260+1354.4303482220000205j),(-8000.0000000000000000-1489.2906880739999451j),(1.0129047179999999+0.0000000000000000j),(1.0733672919999999+0.0033784810000000j),(1.0702269330000000+0.0033260980000000j),(1.0510899400000000+0.0069449370000000j),(1.0726009790000000+0.0071210770000000j)
(-1943.0691691629999696-1017.3620006779999585j),(-1330.6451000889999250-1983.8527413389999765j),(-4470.6717427519997727+695.4352141169999868j),(-2170.3350308760000189-1771.9906952849999016j),(-8000.0000000000000000-1502.4919280139999955j),(1.0188482000000001+0.0000000000000000j),(1.0626416949999999-0.0130657350000000j),(1.0611822630000001-0.0120581720000000j),(1.0494780079999999-0.0102122620000000j),(1.0648902140000001-0.0121339570000000j)
(-2257.4507995290000508-1578.1160026410000228j),(-2504.9101427619998503-2483.2576069609999649j),(-4972.3191381409997120-485.4571447380000109j),(-1026.9825163000000430+465.3758551550000107j),(-8000.0000000000000000-1496.3525997379999808j),(1.0190566500000000+0.0000000000000000j),(1.0711869190000001-0.0170303100000000j),(1.0692275229999999-0.0155747830000000j),(1.0534498630000000-0.0094406620000000j),(1.0735197200000000-0.0153474060000000j)
(-2523.9874742870001683-1520.7297312949999650j),(-3858.3568275259999609+1398.2333292680000341j),(-2656.2209318700001859+525.9232854110000517j),(-2064.4565247440000348+1268.5886042310000903j),(-8000.0000000000000000-1458.2801342709999517j),(1.0158981260000000+0.0000000000000000j),(1.0635942070000000+0.0075567040000000j),(1.0613579120000001+0.0088428280000000j),(1.0478754379999999+0.0077316440000000j),(1.0634920539999999+0.0096248850000000j)
(-4696.8817187470003773+317.4591722740000250j),(-4004.0416912430000593+772.6365870439999526j),(-2413.1065203220000512-280.3753185369999983j),(-4286.4843637399999352-951.6369172170000184j),(-8000.0000000000000000-1470.1953829470000983j),(1.0163408970000001+0.0000000000000000j),(1.0796587360000001+0.0071048120000000j),(1.0760436149999999+0.0064012160000000j),(1.0598803670000001+0.0042310070000000j),(1.0780122519999999+0.0063536710000000j)
(-3873.3990003399999296-1303.7055573049999566j),(-2377.1311980320001567-499.0097964280000156j),(-1003.7269152320000103-1140.1835535959999106j),(-4523.9548998609998307-1213.0128067339999234j),(-8000.0000000000000000-1440.6513913379999394j),(1.0186542020000000+0.0000000000000000j),(1.0699083500000000-0.0137217220000000j),(1.0665216209999999-0.0130115520000000j),(1.0552260140000000-0.0089827270000000j),(1.0676224999999999-0.0140299860000000j)
(-3856.5060099399997853+775.9344402020000189j),(-2819.1094328640001550-1410.6195242629999029j),(-3761.8444604970000000-1002.1996713779999482j),(-4069.4819805890001589-73.1710711580000037j),(-8000.0000000000000000-1465.8607640259999698j),(1.0166449750000000+0.0000000000000000j),(1.0792586730000000-0.0006630500000000j),(1.0762586679999999-0.0016049820000000j),(1.0603985290000000-0.0000959640000000j),(1.0796528640000000-0.0019611120000000j)
(-1311.4268641950000074-2000.3430804199999784j),(-1049.9272678719999021-1269.7550507309999830j),(-1489.1460038959999110+623.5506037689999630j),(-3990.3436713920000329-270.4624371059999817j),(-8000.0000000000000000-1480.8118306999999731j),(1.0169250329999999+0.0000000000000000j),(1.0483059690000001-0.0140553240000000j),(1.0471955690000001-0.0121073740000000j),(1.0411835750000000-0.0075504990000000j),(1.0482933489999999-0.0114477050000000j)
(-1604.5438234640000701-2.6671527419999999j),(-1963.5460896380000122-1139.8418638959999498j),(-2788.3123452569998335+1529.0118771130000823j),(-4081.8804798149999442+1153.6443608059998951j),(-8000.0000000000000000-1468.1023398410000027j),(1.0153434950000000+0.0000000000000000j),(1.0559767179999999+0.0099833110000000j),(1.0547316659999999+0.0098556530000000j),(1.0450387619999999+0.0089200580000000j),(1.0569209100000001+0.0114253500000000j)
(-1666.8295758839999507-1047.1144411830000536j),(-4201.4439910000000964-121.3704574479999962j),(-2563.5725892730001760-2264.6490906660001201j),(-1164.0231505920000927-811.2298167620000413j),(-8000.0000000000000000-1449.0018584960000680j),(1.0176921520000000+0.0000000000000000j),(1.0623769649999999-0.0152664880000000j),(1.0610130520000001-0.0143395470000000j),(1.0478984689999999-0.0108402130000000j),(1.0636510410000000-0.0160135050000000j)
(-1805.8067439320000176+152.2210679220000031j),(-2124.4562951849998171+265.9244922299999985j),(-4726.1374651770001947+292.9051620399999933j),(-2326.2377957560001960-2058.8109460290002062j),(-8000.0000000000000000-1432.8273923799999920j),(1.0168739990000000+0.0000000000000000j),(1.0629897950000000+0.0035562400000000j),(1.0618115800000001+0.0033936520000000j),(1.0495276019999999+0.0001458840000000j),(1.0663017090000000+0.0032231650000000j)
(-1661.5271582909999779+968.1797327079999604j),(-1045.8074928210000962+156.1171703310000112j),(-1483.0786363830000028+1051.5742922320000616j),(-4180.0761801649996414+1515.8142148439999346j),(-8000.0000000000000000-1455.8519845499999974j),(1.0132269330000001+0.0000000000000000j),(1.0444081900000000+0.0165656840000000j),(1.0433332989999999+0.0157474980000000j),(1.0369251980000000+0.0126838640000000j),(1.0444407890000000+0.0165371300000000j)
(-1218.5699019490000410+447.8008807150000052j),(-3934.2011849830000756-430.7963019480000071j),(-1125.3703315689999727-2313.9810489609999422j),(-934.2956801190000533+1359.2350861400000213j),(-8000.0000000000000000-1439.1415192730000854j),(1.0168545980000001+0.0000000000000000j),(1.0493466110000000-0.0036365900000000j),(1.0485906830000000-0.0038270260000000j),(1.0386066230000000-0.0010047970000000j),(1.0500802469999999-0.0056599330000000j)
(-4131.6590945529997043+46.5330090909999967j),(-4354.9070310610004526+256.0151236099999892j),(-4200.8683118150001974-1596.6733549450000282j),(-3805.3777444140000625-461.5250017949999801j),(-8000.0000000000000000-1441.8803500999999869j),(1.0175449480000001+0.0000000000000000j),(1.0875552770000001-0.0005057130000000j),(1.0841920460000001-0.0008249940000000j),(1.0655478160000000-0.0008058900000000j),(1.0878481929999999-0.0016010490000000j)
(-4282.1831779809999716-1189.7236513660000128j),(-3916.6294418480001696-1239.8477118910000172j),(-4226.9316782690002583-2071.9463813970000956j),(-3815.0144136740000249-677.0687649510000483j),(-8000.0000000000000000-1404.7439046899999084j),(1.0203039690000000+0.0000000000000000j),(1.0908492759999999-0.0141820420000000j),(1.0873478260000000-0.0136093830000000j),(1.0675644099999999-0.0107370130000000j),(1.0895248200000001-0.0177354230000000j)
(-1236.7589228790000107+1253.4663111120000849j),(-2269.0499723419998190-1235.2668232739999894j),(-4105.1059728609998274-538.3697863160000452j),(-1011.7459156669999629-1633.8243654899999910j),(-8000.0000000000000000-1381.7506513690000247j),(1.0163777080000000+0.0000000000000000j),(1.0543566590000000-0.0038830020000000j),(1.0538217379999999-0.0049779190000000j),(1.0423282050000000-0.0046353370000000j),(1.0574324060000000-0.0047572080000000j)
(-3268.3584336399999302+523.2233168359999809j),(-4099.2704246180001064+678.1409216499999957j),(-2198.0278493079999862+112.5574866890000010j),(-2414.6058759799998370-1756.1138886910000565j),(-8000.0000000000000000-1330.9812776000001122j),(1.0161611829999999+0.0000000000000000j),(1.0674095320000001+0.0037705780000000j),(1.0649597950000000+0.0031650500000000j),(1.0510538819999999+0.0009221590000000j),(1.0667405249999999+0.0033483360000000j)
(-3046.5989233079999394-506.3498695060000045j),(-4885.5061831989996790-986.1517019789999949j),(-3666.0412585260000924+495.5685013379999759j),(-4061.8872682109999914-2283.3980005029998210j),(-8000.0000000000000000-1396.5405172690000200j),(1.0188001879999999+0.0000000000000000j),(1.0830313739999999-0.0038599980000000j),(1.0807434130000000-0.0036218570000000j),(1.0642816440000000-0.0036562960000000j),(1.0835162070000000-0.0026618200000000j)
(-2305.4270016069999656-1676.3981397330001073j),(-3993.7757350269998824+781.1036657800000285j),(-4591.1072950369998580+1496.6777547639999284j),(-4521.7876424249998308+612.4907059270000218j),(-8000.0000000000000000-1421.1656071180000254j),(1.0158404560000001+0.0000000000000000j),(1.0777191280000000+0.0114287000000000j),(1.0755790140000001+0.0124875870000000j),(1.0594696010000000+0.0101464330000000j),(1.0791232220000000+0.0143952400000000j)
(-3469.6401071250002133-862.2858241720000478j),(-2254.0967121200001202+857.7360693169999877j),(-2100.4188411919999453+350.9277988470000196j),(-1082.1294724039998982-1261.7290987940000377j),(-8000.0000000000000000-1432.7954112459999578j),(1.0161547140000000+0.0000000000000000j),(1.0590489720000000+0.0002124810000000j),(1.0560891500000000+0.0006538750000000j),(1.0439944280000000-0.0003387400000000j),(1.0578752769999999+0.0012686170000000j)
(-1060.2528291199998876-1457.8326779819999501j),(-2601.1921597149998888-1800.1270989209999698j),(-1938.8301816069999859-1727.0597732849998920j),(-3710.9946647279998615-104.1111845239999951j),(-8000.0000000000000000-1371.3259673410000232j),(1.0188678570000000+0.0000000000000000j),(1.0606115410000001-0.0200432480000000j),(1.0595709890000000-0.0187086380000000j),(1.0495951349999999-0.0114096320000000j),(1.0616081239999999-0.0199547210000000j)
(-3385.1125364610002180-738.0039153669999905j),(-1115.2167069740000898-69.8557079699999974j),(-4527.4580617760002497-937.9166585829999576j),(-1953.4362417519998871+603.2876808690000416j),(-8000.0000000000000000-962.3675068569999667j),(1.0161701059999999+0.0000000000000000j),(1.0673070240000000-0.0020312400000000j),(1.0644136860000000-0.0015258800000000j),(1.0501589880000000+0.0001528840000000j),(1.0684261110000000-0.0016891500000000j)
(-4508.6879869260001215+1232.5409974490000877j),(-4808.9172780489998331-898.5778675259999773j),(-2420.7964576320000560+1268.7938789150000503j),(-3269.1308652620000430-1457.4927846440000394j),(-8000.0000000000000000-1404.3067949559999761j),(1.0163386830000001+0.0000000000000000j),(1.0798508069999999+0.0087309420000000j),(1.0765059870000000+0.0073067160000000j),(1.0594882660000000+0.0042215380000000j),(1.0783217169999999+0.0084439380000000j)
(-4803.3203496109999833-1345.9453618729999107j),(-4614.0509374869998283-1800.0331615279999369j),(-3959.8272208299999875+1127.7599053829999320j),(-3774.4036592229999769+62.9165592829999980j),(-8000.0000000000000000-1361.6684176270000535j),(1.0194439010000000+0.0000000000000000j),(1.0914503410000000-0.0007505550000000j),(1.0877330580000000-0.0000872070000000j),(1.0683395350000000+0.0011721150000000j),(1.0906749140000001+0.0013596900000000j)
(-2088.2283478019999166-1120.7992592069999773j),(-4786.1324467550002737+529.5458749570000236j),(-1109.1896624050000355+238.0295297240000139j),(-1476.4447311260000788+387.9314843089999840j),(-8000.0000000000000000-1343.0931508710000344j),(1.0150481140000001+0.0000000000000000j),(1.0573798590000001+0.0021994240000000j),(1.0555872390000001+0.0031546220000000j),(1.0433775089999999+0.0030445480000000j),(1.0565735409999999+0.0034343120000000j)
(-1260.9024530940000659+140.2302818299999956j),(-1979.6790979560000778-331.5892148570000018j),(-4527.9844728750003924-445.7749370720000002j),(-3596.6697382389997983+1429.5564763190000122j),(-8000.0000000000000000-1393.1514393390000350j),(1.0164620360000001+0.0000000000000000j),(1.0629910530000000+0.0088251250000000j),(1.0618108790000000+0.0076649050000000j),(1.0499312540000001+0.0076199870000000j),(1.0657025259999999+0.0080618760000000j)
(-2914.5054290610000862-1752.1755049830001099j),(-990.0674605149999934-1852.9267888320000566j),(-1875.9355784689998927-1234.9001615829999992j),(-1949.5440985959999125-1370.6917473549999613j),(-8000.0000000000000000-1365.7309103229999891j),(1.0179345849999999+0.0000000000000000j),(1.0547090459999999-0.0260569910000000j),(1.0521486019999999-0.0247170800000000j),(1.0428862960000000-0.0178805630000000j),(1.0539140140000001-0.0256286320000000j)
(-1701.9583113359999516-289.4482817329999875j),(-4882.1554077410000900+895.5929382860000487j),(-4831.4277906600000279+372.0119769089999977j),(-2485.3933422989998689-2212.9887345659999482j),(-8000.0000000000000000-1361.5265638060000128j),(1.0167532800000001+0.0000000000000000j),(1.0762342610000000+0.0015278340000000j),(1.0749286709999999+0.0018851170000000j),(1.0582528140000000-0.0003476030000000j),(1.0789386260000000+0.0029259300000000j)
(-2383.4167375639999591-1587.2556139840000924j),(-3177.3811027080000713+1546.6529211600000053j),(-1767.1049196409999240+206.4169884650000029j),(-4248.4796047219997490-2248.1047704279999380j),(-8000.0000000000000000-1312.5545936030000576j),(1.0184007410000000+0.0000000000000000j),(1.0676232430000001-0.0007899310000000j),(1.0655278260000001+0.0001893300000000j),(1.0543544760000001-0.0010507690000000j),(1.0670609769999999+0.0008045620000000j)
(-3046.1231506859999172-432.1424677190000239j),(-1408.5929792449999240-158.4220608290000030j),(-4958.4433160139997199-874.7871127610000030j),(-3726.2561126440000407+108.9653517410000063j),(-8000.0000000000000000-1321.2152917910000269j),(1.0184153940000000+0.0000000000000000j),(1.0743589950000001+0.0006639760000000j),(1.0718364050000000+0.0007117540000000j),(1.0574576510000000+0.0000924170000000j),(1.0760711470000000-0.0012907710000000j)
(-3694.8183811449998757-850.3206345789999432j),(-1205.5752303459998984-988.7571795170000541j),(-3263.3403287989999626-935.0916684410000244j),(-1817.5303765349999594-252.9390636519999873j),(-8000.0000000000000000-1221.8204712340000242j),(1.0175877179999999+0.0000000000000000j),(1.0658142140000000-0.0070371110000000j),(1.0626654320000000-0.0066127950000000j),(1.0491218140000000-0.0062171150000000j),(1.0651560750000000-0.0102248330000000j)
(-2103.3606327279999277+1462.1592927350000082j),(-2994.1294692599999507-492.5332095279999862j),(-3188.8958771429997796-1384.6904958709999391j),(-3768.8017574410000634+1384.2200779659999625j),(-8000.0000000000000000-1275.6729261709999719j),(1.0101219779999999+0.0000000000000000j),(1.0590444189999999+0.0083917150000000j),(1.0576201290000000+0.0070627450000000j),(1.0450851390000000+0.0068364380000000j),(1.0605237210000000+0.0064490020000000j)
(-4641.3233585230000244-1488.3371646559999135j),(-2739.7449665340000138-768.0548235290000321j),(-4991.5129346459998487+1619.9982396450000124j),(-3458.4303099680000742+1343.2192039829999430j),(-8000.0000000000000000-1322.7193658250000681j),(1.0173183699999999+0.0000000000000000j),(1.0832858530000000+0.0098935610000000j),(1.0793603700000001+0.0107594170000000j),(1.0613581120000000+0.0087320940000000j),(1.0828932570000001+0.0114844300000000j)
(-4442.4614575670002523-1200.0298767730000691j),(-3382.3399940280000919+133.6657358649999878j),(-4835.5064434650003022+172.0422563490000130j),(-2495.7876071629998478+1427.1596085849998872j),(-8000.0000000000000000-1323.1571734270000889j),(1.0176012600000000+0.0000000000000000j),(1.0809124660000000+0.0101001040000000j),(1.0774544530000001+0.0106323730000000j),(1.0596625940000000+0.0077687790000000j),(1.0812471170000000+0.0114468820000000j)
(-3218.7568010609998055-1214.1760614269999223j),(-5029.3388657550003700-1321.4170452190001015j),(-4335.0744757900001787+979.5908070799999905j),(-2470.2464650120000442-1368.7892506729999695j),(-8000.0000000000000000-1305.7716601790000368j),(1.0175259169999999+0.0000000000000000j),(1.0835713460000000-0.0055117350000000j),(1.0809316030000000-0.0048009670000000j),(1.0622416770000001-0.0037433660000000j),(1.0843645150000001-0.0034435940000000j)
(-3797.0494541520001803-1401.0300725800000237j),(-1285.6409774480000578-121.4304997619999966j),(-1466.6673171029999594+1612.0340001320000738j),(-4639.9258361399997739+1121.7251247809999768j),(-8000.0000000000000000-1081.2943382589999146j),(1.0166078480000000+0.0000000000000000j),(1.0608484610000000+0.0077388510000000j),(1.0577368359999999+0.0066921660000000j),(1.0482392679999999+0.0061998250000000j),(1.0591937020000000+0.0080420780000000j)
(-2405.9912322109998968+891.3912820550000333j),(-3545.7193675230000736-228.8901312469999993j),(-3989.6140629619999345-1327.2573817630000121j),(-4205.8319816849998460+664.7439000120000401j),(-8000.0000000000000000-1307.0409107969999241j),(1.0174290459999999+0.0000000000000000j),(1.0751370680000001+0.0098368940000000j),(1.0735950450000000+0.0088118840000000j),(1.0587243330000000+0.0068242460000000j),(1.0772967739999999+0.0069507360000000j)
(-4039.8597744349999630+710.5550542229999564j),(-3723.4566259809998883+589.7526541409999936j),(-4456.4017088150003474+273.8809528979999754j),(-3372.2810020090000762-423.1528023559999951j),(-8000.0000000000000000-1273.4663995179998892j),(1.0158884870000000+0.0000000000000000j),(1.0820270759999999+0.0145128240000000j),(1.0788759830000001+0.0135906250000000j),(1.0609631120000000+0.0100136450000000j),(1.0826309700000001+0.0144153650000000j)
(-3814.9238125040001250-172.2525716009999996j),(-3474.8841480599999159-700.1369976940000015j),(-3815.4614861019999807-2038.7432935009999255j),(-4657.6255596689998129-1158.6606417069999679j),(-8000.0000000000000000-1254.7053906940000161j),(1.0268857080000000+0.0000000000000000j),(1.0948054050000000-0.0083266360000000j),(1.0917442900000001-0.0085321160000000j),(1.0748832140000000-0.0055761510000000j),(1.0951301529999999-0.0096570390000000j)
(-3019.6116505869999855-217.9589102379999872j),(-2105.5158093939999162-764.9238009700000021j),(-4881.3498423139999431-2101.5817526269997870j),(-2704.5339434910001728-1520.4322042470000724j),(-8000.0000000000000000-1274.6314076769999701j),(1.0192897970000001+0.0000000000000000j),(1.0772535299999999-0.0123079160000000j),(1.0751246090000000-0.0122928100000000j),(1.0592523250000001-0.0088467080000000j),(1.0795776650000000-0.0135242310000000j)
(-1792.9504479180000089-1308.9199992359999669j),(-3153.8590648399999736-1504.6603633669999454j),(-1501.5601064590000533-488.8837748149999811j),(-1226.8873183610000979-1552.7736524920001102j),(-8000.0000000000000000-1257.3357886859998871j),(1.0188776390000001+0.0000000000000000j),(1.0549430559999999-0.0195326460000000j),(1.0532990460000000-0.0183007490000000j),(1.0431530280000001-0.0133721770000000j),(1.0545702699999999-0.0186216380000000j)
(-3681.0730496860001040-305.2914588539999841j),(-3983.7313445740001043-1216.9927293050000117j),(-2389.1505451590001030-2268.4286589250000361j),(-5032.3278291540000282-1999.8366556579999269j),(-8000.0000000000000000-1258.0446567480000795j),(1.0197371700000000+0.0000000000000000j),(1.0843194400000000-0.0174036860000000j),(1.0815710780000001-0.0174668030000000j),(1.0663142969999999-0.0123338130000000j),(1.0838937940000000-0.0192012160000000j)
(-2974.8235266870001396-473.7607384359999969j),(-1183.7424558959999104+1439.3963802880000458j),(-2067.8983795939998345-1770.3603891820000626j),(-3050.1251585330001035-2041.2741540039999109j),(-8000.0000000000000000-1273.9652567630000704j),(1.0163844350000000+0.0000000000000000j),(1.0581392430000001-0.0078139200000000j),(1.0557047989999999-0.0075314910000000j),(1.0458320780000001-0.0062747880000000j),(1.0578088290000001-0.0089128440000000j)
(-2082.3979242969999177+1501.5907514580001134j),(-3303.0848927219999496+862.4039712720000352j),(-2789.3747941420001553+263.6536934779999797j),(-3632.5221104669999477-1382.1973606599999584j),(-8000.0000000000000000-1253.6228315930000008j),(1.0166124270000001+0.0000000000000000j),(1.0638316790000000+0.0123248460000000j),(1.0625346810000000+0.0110697910000000j),(1.0507945580000000+0.0067409300000000j),(1.0649006059999999+0.0116069610000000j)
(-2142.8680343979999634-2224.1109252940000260j),(-3241.4707700429999022+1220.6530914449999727j),(-3532.0384560140000758+900.3360962240000163j),(-4566.8631124109997472-1229.5470813249999082j),(-8000.0000000000000000-1300.0513777149999441j),(1.0185365790000001+0.0000000000000000j),(1.0722640090000000+0.0008046340000000j),(1.0707448100000001+0.0025321500000000j),(1.0579810160000001+0.0016631400000000j),(1.0733067030000001+0.0037307020000000j)
(-2897.5766506270001628+1257.5483620309998969j),(-1629.1878077920000578-2061.8911476059997767j),(-2074.2759244339999896+1507.2427024169999186j),(-2725.9667458550002266-884.5237623169999779j),(-8000.0000000000000000-1255.1769567660001030j),(1.0172804929999999+0.0000000000000000j),(1.0562939739999999+0.0100827730000000j),(1.0541037799999999+0.0088979790000000j),(1.0444569990000001+0.0029224810000000j),(1.0556143060000001+0.0103747510000000j)
(-1441.9618915010000819+72.9079428280000030j),(-1682.2475087800000892-188.8022640259999889j),(-1697.6440422529999523-970.0845149670000183j),(-2731.0428347699998994-1900.6601436789999298j),(-8000.0000000000000000-1253.6742281060001005j),(1.0186425680000000+0.0000000000000000j),(1.0518893490000001-0.0070421560000000j),(1.0507436649999999-0.0071336620000000j),(1.0433529370000001-0.0066574330000000j),(1.0524275759999999-0.0076994820000000j)
(-1155.3375917900000331-2283.2336007750000135j),(-1948.3886420989999806+1372.1921107850000681j),(-4157.9993752199998198+1422.1519260919999397j),(-4997.3374996459997419+126.6684646469999933j),(-8000.0000000000000000-1220.0740301329999511j),(1.0177528520000001+0.0000000000000000j),(1.0653630329999999+0.0055081870000000j),(1.0640001610000001+0.0074208340000000j),(1.0531847720000000+0.0060773830000000j),(1.0670726930000001+0.0091393270000000j)
(-1458.1319766720000644-1816.4506166480000502j),(-3828.7305429419998291-467.0807729630000154j),(-4007.4190484820001075-1394.8973577530000512j),(-3410.6170348030000241+828.8598181849999946j),(-8000.0000000000000000-1181.3343772050000098j),(1.0181429410000000+0.0000000000000000j),(1.0719525409999999-0.0103423170000000j),(1.0707669280000001-0.0086599210000000j),(1.0562988270000000-0.0040435830000000j),(1.0742932660000000-0.0093857380000000j)
(-2285.9164045779998560+1392.6897423460000027j),(-2651.7447095930001524-60.4139714929999982j),(-4559.8482379209999635-1459.5709168319999662j),(-2734.3223927099998036-2231.0645611740001186j),(-8000.0000000000000000-1230.9497886409999410j),(1.0173860969999999+0.0000000000000000j),(1.0692813530000000-0.0019297980000000j),(1.0678420209999999-0.0031939330000000j),(1.0537269590000000-0.0036768500000000j),(1.0718983929999999-0.0037856610000000j)
(-4911.4206747289999839-662.8928629179999916j),(-1330.5148320200000853+218.0933239000000015j),(-4788.5486288620004416-2152.7391445660000500j),(-4753.1042853790004301+988.7934641839999585j),(-8000.0000000000000000-1203.7957396530000551j),(1.0178666550000000+0.0000000000000000j),(1.0852935360000000-0.0026672270000000j),(1.0811892150000000-0.0026534120000000j),(1.0643229240000001+0.0002514100000000j),(1.0855437610000001-0.0037310470000000j)
(-4506.0506921229998625+1119.8378267650000453j),(-3076.1476283970000623+154.1963557720000040j),(-1605.0865348740001082-1552.0025127100000191j),(-1422.9978914739999709+798.2166953759999615j),(-8000.0000000000000000-1222.7122241699998995j),(1.0169279099999999+0.0000000000000000j),(1.0644942090000000+0.0075630820000000j),(1.0612012209999999+0.0060457610000000j),(1.0473766440000001+0.0055696000000000j),(1.0628104690000000+0.0049239950000000j)
(-1343.0110891469998933+564.4330810210000209j),(-3813.6297313559998656-1364.1971169020000616j),(-2084.6240203739998833-1147.8840438209999775j),(-4933.6317910440002379-1976.6325018210000053j),(-8000.0000000000000000-1179.4549988209998901j),(1.0186788630000001+0.0000000000000000j),(1.0674390700000000-0.0101437450000000j),(1.0666938070000000-0.0105102590000000j),(1.0558405120000001-0.0078677490000000j),(1.0685376900000001-0.0112792630000000j)
(-1822.0626228159999300-2236.2868012670001008j),(-4765.6323389520002820-387.8954608629999825j),(-1428.5815301780000937+860.9161287450000373j),(-3066.8991398029997981-37.4175154360000022j),(-8000.0000000000000000-1219.9446757840000828j),(1.0166547230000000+0.0000000000000000j),(1.0636503850000001-0.0062460660000000j),(1.0620157660000000-0.0042492830000000j),(1.0498427230000000-0.0020619940000000j),(1.0629527370000000-0.0034145220000000j)
(-4279.7287613259995851+523.1496648999999479j),(-3152.4375743209998291-663.8284019049999642j),(-4765.1819769949997863+31.5629173909999992j),(-3469.4715938859999369+426.5755275640000264j),(-8000.0000000000000000-1167.8493904249999105j),(1.0170828150000000+0.0000000000000000j),(1.0807941539999999+0.0081833550000000j),(1.0777740590000000+0.0073392110000000j),(1.0603773080000001+0.0060659960000000j),(1.0812770039999999+0.0079596390000000j)
(-1278.4672255590000987-579.4149549810000508j),(-2946.6533338109998112-1280.2106248729999152j),(-4279.8756609430001845-1058.1651403109999592j),(-1095.8388180879999254-1279.5292652279999857j),(-8000.0000000000000000-1183.4570967590000237j),(1.0177355910000001+0.0000000000000000j),(1.0618220670000000-0.0152278330000000j),(1.0610301259999999-0.0145061580000000j),(1.0476772660000000-0.0107239330000000j),(1.0647539530000001-0.0148177660000000j)
(-2962.2428015639998193-1720.1556702749999204j),(-4558.8323870980002539+647.9623886970000513j),(-1137.9046766090000347-1088.2016841269999077j),(-3977.6432623129999229-1032.7928461270000753j),(-8000.0000000000000000-1169.0168588120000095j),(1.0185853279999999+0.0000000000000000j),(1.0732269580000000-0.0087509540000000j),(1.0706687410000000-0.0073495940000000j),(1.0573289379999999-0.0048014960000000j),(1.0716443240000000-0.0083263970000000j)
(-4557.9918567029999394+1488.0085583649999990j),(-1961.9951003549999768+195.8974420979999991j),(-4448.3826711199999409+1569.8564768149999509j),(-4612.1421594719995483+523.6751983079999491j),(-8000.0000000000000000-1180.4772710560000633j),(1.0156581350000000+0.0000000000000000j),(1.0795161289999999+0.0264884010000000j),(1.0762018110000000+0.0246695890000000j),(1.0602031709999999+0.0181555030000000j),(1.0796780650000000+0.0266300920000000j)
(-2497.1136940900000809+1318.1508901699999114j),(-1775.6354516240000976-64.0241468770000068j),(-3178.9574471050000284-542.4882702109999855j),(-3816.8854651000001468+759.4214357160000191j),(-8000.0000000000000000-1136.8739019160000225j),(1.0175277089999999+0.0000000000000000j),(1.0631311269999999+0.0131321830000000j),(1.0613171920000000+0.0116608680000000j),(1.0503957060000000+0.0088275330000000j),(1.0641040559999999+0.0107900180000000j)
(-2052.8528194099999382-951.3778419139999869j),(-4820.5076328439999997-1732.6360675359999277j),(-2402.5986942740000814+1632.4329832129999431j),(-4143.0621319920001042-41.4613767960000033j),(-8000.0000000000000000-1167.4663947189999362j),(1.0185144800000001+0.0000000000000000j),(1.0741735969999999-0.0015131460000000j),(1.0723386890000000-0.0007944630000000j),(1.0581425739999999+0.0003386780000000j),(1.0740608819999999+0.0007207360000000j)
(-4755.1868740170002638-846.8169270390000065j),(-3401.7186638200000743+537.8832109920000448j),(-3845.8016339579999112+846.5758306100000254j),(-4389.1711699600000429-1710.0811340039999777j),(-8000.0000000000000000-1131.3823358449999432j),(1.0182099460000000+0.0000000000000000j),(1.0892158199999999+0.0043719880000000j),(1.0851122970000000+0.0045157160000000j),(1.0670795460000000+0.0025400430000000j),(1.0882229910000001+0.0056661660000000j)
(-4917.5534453480004231+1084.1456010590000005j),(-3029.4279039379998721-1736.2880190630000925j),(-2591.6754209639998408-159.0449000849999948j),(-4093.2313699649998853-2210.9288237010000557j),(-8000.0000000000000000-1166.5686880050000127j),(1.0185139740000000+0.0000000000000000j),(1.0828969020000001-0.0023415230000000j),(1.0790114470000001-0.0037391270000000j),(1.0631745770000001-0.0034664980000000j),(1.0811515140000001-0.0036388070000000j)
(-1579.3417629989999114-1928.0125800119999440j),(-2158.2347997430001669+368.7281295160000241j),(-1720.2968427569999221-8.1857743569999997j),(-1555.2858030509999026+1608.0463396269999521j),(-8000.0000000000000000-1115.3454202460000033j),(1.0163339670000000+0.0000000000000000j),(1.0452732739999999-0.0016644560000000j),(1.0440287269999999+0.0000363570000000j),(1.0359866110000000+0.0019743620000000j),(1.0454472360000000+0.0001292270000000j)
(-2884.4605518140001550-668.3648075459999518j),(-4808.9679800619996968-1387.4812491010000031j),(-4204.0806741240003248-2131.9508097259999886j),(-4924.8497185160003937-1765.8700068420000662j),(-8000.0000000000000000-1124.0264444950000779j),(1.0198730590000000+0.0000000000000000j),(1.0900168560000001-0.0189177700000000j),(1.0875299469999999-0.0188093790000000j),(1.0696903810000000-0.0132234410000000j),(1.0911212269999999-0.0201206690000000j)
(-2175.7066500490000180+266.5661155639999720j),(-2668.4802442559998781+983.3604777330000388j),(-2171.5018347499999436-345.0007922820000204j),(-1479.9139904839998962-1178.0821956889999456j),(-8000.0000000000000000-1135.9164945640000042j),(1.0153127770000001+0.0000000000000000j),(1.0533319480000001+0.0018972540000000j),(1.0516819049999999+0.0017517130000000j),(1.0405578200000001-0.0001724000000000j),(1.0536070989999999+0.0016000760000000j)
(-3968.1530514800001583+171.2290019859999859j),(-3932.6908277610000368+1259.7826384790000702j),(-3420.8062820599998304-1051.5723043499999676j),(-3475.0740833149998252-832.7604269859999704j),(-8000.0000000000000000-1154.6444688829999450j),(1.0172843290000000+0.0000000000000000j),(1.0782064899999999+0.0046144910000000j),(1.0752436299999999+0.0041970760000000j),(1.0591243370000001+0.0027723360000000j),(1.0782225780000001+0.0036891200000000j)
(-1471.6130191360000481-1132.0097938660001091j),(-4841.4566038029997799+1622.1049809230000847j),(-4017.7954125760002171-2007.6165599329999623j),(-2092.7683306250000896+117.2847704269999980j),(-8000.0000000000000000-1019.6052514509999583j),(1.0177130880000000+0.0000000000000000j),(1.0711206310000001-0.0013211820000000j),(1.0699619600000001-0.0003454430000000j),(1.0545085770000000+0.0006194210000000j),(1.0738274400000001-0.0014072480000000j)
(-4352.8598765540000386-607.3657778479999934j),(-3906.1189788060000865-1691.9013071689998924j),(-3820.4054490650000844-1005.0903165629999876j),(-1412.7459247980000328+193.8646266259999891j),(-8000.0000000000000000-1147.9797047510000993j),(1.0169722720000001+0.0000000000000000j),(1.0793914460000000-0.0071767100000000j),(1.0762142580000000-0.0095599090000000j),(1.0576078670000000-0.0056032450000000j),(1.0795138820000001-0.0099348260000000j)
(-3826.4135897820001446-688.0632889150000437j),(-4420.5571283850003965-519.4734788810000055j),(-4667.2130522939996808+1453.7901229680001052j),(-4965.1034079680002833-1962.4974198810000416j),(-8000.0000000000000000-639.0052677800000538j),(1.0196487690000000+0.0000000000000000j),(1.0930387180000001+0.0014800420000000j),(1.0899847260000000+0.0073251910000000j),(1.0714052359999999+0.0052622750000000j),(1.0934245199999999+0.0091120740000000j)
(-1853.4948695549999229-237.8089724099999955j),(-3482.2917163400002210+1395.3954419649999181j),(-2448.3801772299998447+923.6527204970000184j),(-1760.1459818809998978+1210.7197391669999433j),(-8000.0000000000000000-1094.5088450040000225j),(1.0150727470000001+0.0000000000000000j),(1.0602693630000000+0.0146985720000000j),(1.0588226249999999+0.0148019730000000j),(1.0424845309999999+0.0126654580000000j),(1.0562292060000000+0.0175373320000000j)
(-4287.6386431709997851-983.0398196310000003j),(-2433.4899972160001198-422.4942166989999919j),(-2743.1419092520000049+1010.9901883119999866j),(-2308.5301293369998348+878.2388071860000309j),(-8000.0000000000000000-1143.8703726450000886j),(1.0167039380000000+0.0000000000000000j),(1.0702843190000000+0.0048905210000000j),(1.0665552149999999+0.0052252050000000j),(1.0519347299999999+0.0048481080000000j),(1.0686930230000000+0.0062995900000000j)
(-2377.4540639359997840-1766.3345766560000811j),(-1101.0427774570000565-670.7645433589999584j),(-1877.6406977879998976+1006.9849951400000236j),(-3317.7220894100000805+265.2212226109999733j),(-8000.0000000000000000-1688.4436522819999027j),(1.0156603380000000+0.0000000000000000j),(1.0531904350000001-0.0046730800000000j),(1.0511122749999999-0.0031311190000000j),(1.0423987900000000-0.0011330190000000j),(1.0525643060000001-0.0020800140000000j)
(-1476.5540144209999198-1434.6365983089999645j),(-1159.8347449570001118+211.1737723189999940j),(-1422.1081308600000739-542.1742196389999435j),(-2783.9911394010000549-29.3438530459999996j),(-8000.0000000000000000-1834.0904876019999392j),(1.0167037980000000+0.0000000000000000j),(1.0465093969999999-0.0079713860000000j),(1.0452491980000000-0.0066986870000000j),(1.0385385730000001-0.0038667830000000j),(1.0465593500000001-0.0070358420000000j)
(-2930.1793798059998153-1319.0275243799999316j),(-3785.7230367269999078-389.3205041580000056j),(-4063.2404419640001834+1526.9891104819998873j),(-3638.9955319949999648-2093.2955824030000258j),(-8000.0000000000000000-1134.7572754989998884j),(1.0170487330000000+0.0000000000000000j),(1.0781925040000000-0.0011628640000000j),(1.0758714359999999-0.0001197930000000j),(1.0598884730000000-0.0026754100000000j),(1.0789124360000000+0.0017952170000000j)
(-3631.7027989120001621-514.5743965430000344j),(-2838.7899018220000471+1609.5285941219999586j),(-1160.0203616230000989+127.2679905469999966j),(-1505.0637503489999744+133.6769638899999961j),(-8000.0000000000000000-1088.4025223799999367j),(1.0151566439999999+0.0000000000000000j),(1.0545773930000000+0.0085668980000000j),(1.0516006080000000+0.0086618460000000j),(1.0405654570000000+0.0063399550000000j),(1.0524198210000000+0.0088362130000000j)
(-1736.0691015899999456+111.9471991610000003j),(-1771.1933767089999492-2053.7390336879998358j),(-4738.4318331419999595-2191.2459174979999261j),(-4638.0862538990004396-1075.5266783360000318j),(-8000.0000000000000000-1079.5031659710000440j),(1.0192753210000001+0.0000000000000000j),(1.0725927330000000-0.0182689190000000j),(1.0711148310000000-0.0182812860000000j),(1.0582171160000000-0.0124188800000000j),(1.0752953300000001-0.0196505290000000j)
(-2853.8925786959998732-2290.6228123720002259j),(-3928.0805946899999981-1889.1950887779998993j),(-4379.9167314699998315-186.2381546899999876j),(-3344.4158430470001804-1275.9606556520000140j),(-8000.0000000000000000-1063.6934988630000589j),(1.0195645820000001+0.0000000000000000j),(1.0827430920000001-0.0187917310000000j),(1.0801765710000000-0.0171573040000000j),(1.0631294350000000-0.0117289200000000j),(1.0839106970000001-0.0169169290000000j)
(-3841.7566292090000388-1973.1583167549999871j),(-4015.9920305440000448-469.6250504679999835j),(-1361.5801844009999968+1543.1413024260000384j),(-1723.6585692339999696-14.5509834700000003j),(-8000.0000000000000000-1066.8837501539999266j),(1.0175867340000000+0.0000000000000000j),(1.0674813249999999+0.0012688580000000j),(1.0640323370000000-0.0002296930000000j),(1.0499163620000000+0.0002973650000000j),(1.0648037410000000+0.0010597470000000j)
(-4706.3255848560002050-2160.1629558959998576j),(-1666.6625685540000177-1026.7458038889999443j),(-3163.5927580170000510-146.5820451980000030j),(-3982.9396129950000613-227.5040391530000079j),(-8000.0000000000000000-1083.1441292290001002j),(1.0181903050000001+0.0000000000000000j),(1.0781105049999999-0.0124032710000000j),(1.0739305640000001-0.0111090280000000j),(1.0591984510000001-0.0066975660000000j),(1.0765964310000000-0.0109090290000000j)
(-2447.1508166079997864+1475.7972170680000090j),(-3252.5949910250001267-977.2947429460000421j),(-4588.0238443019998158+104.6115728519999948j),(-3054.6578714679999393-380.8571406479999837j),(-8000.0000000000000000-1056.4633314919999520j),(1.0176208799999999+0.0000000000000000j),(1.0723478430000000+0.0096899970000000j),(1.0705043770000000+0.0082053590000000j),(1.0556878670000001+0.0060007930000000j),(1.0741957730000000+0.0089829270000000j)
(-4017.9586829919999218-31.2173233120000013j),(-2807.7217039960000875-1215.0381615900000725j),(-2069.4198282289999042-1277.9192424880000090j),(-3326.2199596450000172-80.0064560109999974j),(-8000.0000000000000000-859.9242458679999572j),(1.0189138740000001+0.0000000000000000j),(1.0733944250000000-0.0066119070000000j),(1.0701259780000001-0.0069946760000000j),(1.0561805170000000-0.0038333480000000j),(1.0721094380000000-0.0078242630000000j)
(-3001.2519585340000958-1429.3095835189999434j),(-2043.7573527950000880+1313.4770983410001008j),(-4847.1397044710001865+701.2214866939999638j),(-1409.6313966820000587-290.9746247560000256j),(-8000.0000000000000000-1078.2652932319999763j),(1.0164776060000000+0.0000000000000000j),(1.0659539030000000+0.0071636230000000j),(1.0635406629999999+0.0070834560000000j),(1.0495270090000000+0.0050259730000000j),(1.0683464290000000+0.0084949010000000j)
(-5060.1005968600002234-1085.4731541759999800j),(-3396.0374829369998224-1060.1288680259999637j),(-2868.0123850690001746+676.6735321539999859j),(-3961.9086446749997776-1984.1950614259999384j),(-8000.0000000000000000-440.1301195409999991j),(1.0194825649999999+0.0000000000000000j),(1.0860616999999999-0.0040855560000000j),(1.0819668360000001-0.0037413280000000j),(1.0652427280000001-0.0029899890000000j),(1.0842463979999999-0.0028390570000000j)
(-4179.7493791599999895-2104.0110612349999428j),(-2732.6720687689999068+818.9611433259999558j),(-1652.9248333269999875-1958.1498435210000935j),(-3811.1441481530000601+1563.7030960170000071j),(-8000.0000000000000000-1048.2804244349999863j),(1.0177872920000000+0.0000000000000000j),(1.0653734340000001+0.0135639570000000j),(1.0678066300000000-0.0026382740000000j),(1.0543694170000000+0.0011513490000000j),(1.0695099420000000-0.0040811470000000j)
(-4293.2341373509998448+658.0413196509999807j),(-3571.5723886730002050-1390.1058529859999453j),(-4817.0139512240002659+930.6886088859999973j),(-2293.7858395630000814+1092.1761992379999811j),(-8000.0000000000000000-1050.7782653720000781j),(1.0163427500000000+0.0000000000000000j),(1.0804916090000001+0.0098925490000000j),(1.0771686180000000+0.0089692450000000j),(1.0587938960000001+0.0076378590000000j),(1.0810246670000001+0.0104220540000000j)
(-4657.5513597190001747-58.6802576540000018j),(-3870.6962184409999281-1535.6757771410000259j),(-2288.9304786960001366+1117.8006829739999830j),(-3523.9213889669999844+116.1512669269999947j),(-8000.0000000000000000-1047.4115833010000642j),(1.0171008779999999+0.0000000000000000j),(1.0784967710000000+0.0029840150000000j),(1.0748435370000000+0.0026401520000000j),(1.0587259389999999+0.0027278500000000j),(1.0765312650000001+0.0035767400000000j)
(-2380.0174570160002077+353.1853902230000131j),(-4475.2509891409999909-392.3288882400000261j),(-3319.1396002820001740+161.3070885129999965j),(-1773.1209514929998932-1505.8821066569998948j),(-8000.0000000000000000-1074.7388690180000594j),(1.0168719369999999+0.0000000000000000j),(1.0709755040000000-0.0004245010000000j),(1.0691328010000001-0.0007776560000000j),(1.0535640719999999-0.0015022970000000j),(1.0718825750000001-0.0003005810000000j)
(-3832.5254984369998965-907.0695218859999613j),(-3750.3261006170000655+1345.0000458859999526j),(-4230.9935176150002007+447.8514195249999830j),(-1484.7132350720000886-1993.4921033359999001j),(-8000.0000000000000000-1028.2621499930000937j),(1.0171289779999999+0.0000000000000000j),(1.0783630829999999+0.0029584650000000j),(1.0750223059999999+0.0034011920000000j),(1.0574199240000000-0.0005203600000000j),(1.0784662469999999+0.0042950690000000j)
(-2384.2571402290000151-807.7959916419999900j),(-4502.2773015359998681-863.0819129630000361j),(-4936.5660979200001748-1752.0392656120000083j),(-4948.9857928199999151-921.3283099159999665j),(-8000.0000000000000000-990.6326586169999473j),(1.0196007750000000+0.0000000000000000j),(1.0891844079999999-0.0113706110000000j),(1.0874168470000001-0.0107032300000000j),(1.0698166419999999-0.0071834610000000j),(1.0917131430000000-0.0116584280000000j)
(-1974.7547128819999216-555.1671032210000476j),(-4568.9945154830002139-968.4305201470000384j),(-2350.0285159489999387-45.4668056149999984j),(-1219.3097293149999132+251.7398376170000063j),(-8000.0000000000000000-1049.9818397989999994j),(1.0167632000000000+0.0000000000000000j),(1.0614706640000000-0.0046521430000000j),(1.0600045259999999-0.0041135300000000j),(1.0465118229999999-0.0022101980000000j),(1.0618752549999999-0.0040990130000000j)
(-3932.7249764630000755+295.5876736660000006j),(-4683.7789415990000634-2120.8612848699999631j),(-3374.8217769729999418-1092.8115907829999287j),(-2962.7419709649998367+1657.2101729650000834j),(-8000.0000000000000000-987.7463749150000467j),(1.0185721790000000+0.0000000000000000j),(1.0844729340000001-0.0019676370000000j),(1.0813505489999999-0.0024573120000000j),(1.0621103660000000+0.0001074860000000j),(1.0841532960000000-0.0035286180000000j)
(-4026.8397173879998263+1153.5130681769999228j),(-1984.0109394399999019-1808.2898442440000508j),(-4116.4809626070000377-395.4815316899999971j),(-1772.0137849370000822-445.7078268579999758j),(-8000.0000000000000000-1034.5089101230000779j),(1.0184723870000001+0.0000000000000000j),(1.0707953939999999+0.0000559470000000j),(1.0677737590000000-0.0011514760000000j),(1.0530782720000000-0.0011922290000000j),(1.0715140110000001-0.0018282520000000j)
(-1354.9365297550000378-827.9724283949999517j),(-2989.8445728229999077+1594.3095509130000664j),(-1907.7984435450000547-2254.0294616529999985j),(-4473.7546188329997676-875.6595821959999739j),(-8000.0000000000000000-1026.3183069839999462j),(1.0191903640000000+0.0000000000000000j),(1.0618808430000000-0.0067626860000000j),(1.0603712130000000-0.0060287430000000j),(1.0508244309999999-0.0043953480000000j),(1.0622251960000000-0.0079675780000000j)
(-3791.4210169640000458-2171.7570577229998889j),(-1963.8337080040000728-76.6658396219999929j),(-2161.0570322769999621+571.6288099399999965j),(-1661.8217595900000561+741.3004697410000290j),(-8000.0000000000000000-963.1350209529999802j),(1.0169574660000000+0.0000000000000000j),(1.0616132739999999-0.0047547210000000j),(1.0582199870000000-0.0030864240000000j),(1.0458904929999999-0.0007905260000000j),(1.0599695480000000-0.0024287990000000j)
